agent_id,o_node_id,d_node_id,link_sequence,departure_time
13_0,85,46,107;106;149;150;159;142;144;160;158;151;152;164;163;29;162;55;32;33;58,420.0
13_1,85,46,107;106;149;150;159;142;144;160;158;151;152;164;163;29;162;55;32;33;58,420.6
13_2,85,46,107;106;149;150;159;142;144;160;158;151;152;164;163;29;162;55;32;33;58,421.2
13_3,85,46,107;106;149;150;159;142;144;160;158;151;152;164;163;29;162;55;32;33;58,421.8
13_4,85,46,107;106;149;150;159;142;144;160;158;151;152;164;163;29;162;55;32;33;58,422.4
13_5,85,46,107;106;149;150;159;142;144;160;158;151;152;164;163;29;162;55;32;33;58,423.0
13_6,85,46,107;106;149;150;159;142;144;160;158;151;152;164;163;29;162;55;32;33;58,423.6
13_7,85,46,107;106;149;150;159;142;144;160;158;151;152;164;163;29;162;55;32;33;58,424.2
13_8,85,46,107;106;149;150;159;142;144;160;158;151;152;164;163;29;162;55;32;33;58,424.8
13_9,85,46,107;106;149;150;159;142;144;160;158;151;152;164;163;29;162;55;32;33;58,425.4
13_10,85,46,107;106;149;150;159;142;144;160;158;151;152;164;163;29;162;55;32;33;58,426.0
13_11,85,46,107;106;149;150;159;142;144;160;158;151;152;164;163;29;162;55;32;33;58,426.6
13_12,85,46,107;106;149;150;159;142;144;160;158;151;152;164;163;29;162;55;32;33;58,427.2
13_13,85,46,107;106;149;150;159;142;144;160;158;151;152;164;163;29;162;55;32;33;58,427.8
13_14,85,46,107;106;149;150;159;142;144;160;158;151;152;164;163;29;162;55;32;33;58,428.4
13_15,85,46,107;106;149;150;159;142;144;160;158;151;152;164;163;29;162;55;32;33;58,429.0
13_16,85,46,107;106;149;150;159;142;144;160;158;151;152;164;163;29;162;55;32;33;58,429.6
13_17,85,46,107;106;149;150;159;142;144;160;158;151;152;164;163;29;162;55;32;33;58,430.2
13_18,85,46,107;106;149;150;159;142;144;160;158;151;152;164;163;29;162;55;32;33;58,430.8
13_19,85,46,107;106;149;150;159;142;144;160;158;151;152;164;163;29;162;55;32;33;58,431.4
13_20,85,46,107;106;149;150;159;142;144;160;158;151;152;164;163;29;162;55;32;33;58,432.0
13_21,85,46,107;106;149;150;159;142;144;160;158;151;152;164;163;29;162;55;32;33;58,432.6
13_22,85,46,107;106;149;150;159;142;144;160;158;151;152;164;163;29;162;55;32;33;58,433.2
13_23,85,46,107;106;149;150;159;142;144;160;158;151;152;164;163;29;162;55;32;33;58,433.8
13_24,85,46,107;106;149;150;159;142;144;160;158;151;152;164;163;29;162;55;32;33;58,434.4
13_25,85,46,107;106;149;150;159;142;144;160;158;151;152;164;163;29;162;55;32;33;58,435.0
13_26,85,46,107;106;149;150;159;142;144;160;158;151;152;164;163;29;162;55;32;33;58,435.6
13_27,85,46,107;106;149;150;159;142;144;160;158;151;152;164;163;29;162;55;32;33;58,436.2
13_28,85,46,107;106;149;150;159;142;144;160;158;151;152;164;163;29;162;55;32;33;58,436.8
13_29,85,46,107;106;149;150;159;142;144;160;158;151;152;164;163;29;162;55;32;33;58,437.4
13_30,85,46,107;106;149;150;159;142;144;160;158;151;152;164;163;29;162;55;32;33;58,438.0
13_31,85,46,107;106;149;150;159;142;144;160;158;151;152;164;163;29;162;55;32;33;58,438.6
13_32,85,46,107;106;149;150;159;142;144;160;158;151;152;164;163;29;162;55;32;33;58,439.2
13_33,85,46,107;106;149;150;159;142;144;160;158;151;152;164;163;29;162;55;32;33;58,439.8
13_34,85,46,107;106;149;150;159;142;144;160;158;151;152;164;163;29;162;55;32;33;58,440.4
13_35,85,46,107;106;149;150;159;142;144;160;158;151;152;164;163;29;162;55;32;33;58,441.0
13_36,85,46,107;106;149;150;159;142;144;160;158;151;152;164;163;29;162;55;32;33;58,441.6
13_37,85,46,107;106;149;150;159;142;144;160;158;151;152;164;163;29;162;55;32;33;58,442.2
13_38,85,46,107;106;149;150;159;142;144;160;158;151;152;164;163;29;162;55;32;33;58,442.8
13_39,85,46,107;106;149;150;159;142;144;160;158;151;152;164;163;29;162;55;32;33;58,443.4
13_40,85,46,107;106;149;150;159;142;144;160;158;151;152;164;163;29;162;55;32;33;58,444.0
13_41,85,46,107;106;149;150;159;142;144;160;158;151;152;164;163;29;162;55;32;33;58,444.6
13_42,85,46,107;106;149;150;159;142;144;160;158;151;152;164;163;29;162;55;32;33;58,445.2
13_43,85,46,107;106;149;150;159;142;144;160;158;151;152;164;163;29;162;55;32;33;58,445.8
13_44,85,46,107;106;149;150;159;142;144;160;158;151;152;164;163;29;162;55;32;33;58,446.4
13_45,85,46,107;106;149;150;159;142;144;160;158;151;152;164;163;29;162;55;32;33;58,447.0
13_46,85,46,107;106;149;150;159;142;144;160;158;151;152;164;163;29;162;55;32;33;58,447.6
13_47,85,46,107;106;149;150;159;142;144;160;158;151;152;164;163;29;162;55;32;33;58,448.2
13_48,85,46,107;106;149;150;159;142;144;160;158;151;152;164;163;29;162;55;32;33;58,448.8
13_49,85,46,107;106;149;150;159;142;144;160;158;151;152;164;163;29;162;55;32;33;58,449.4
13_50,85,46,107;106;149;150;159;142;144;160;158;151;152;164;163;29;162;55;32;33;58,450.0
13_51,85,46,107;106;149;150;159;142;144;160;158;151;152;164;163;29;162;55;32;33;58,450.6
13_52,85,46,107;106;149;150;159;142;144;160;158;151;152;164;163;29;162;55;32;33;58,451.2
13_53,85,46,107;106;149;150;159;142;144;160;158;151;152;164;163;29;162;55;32;33;58,451.8
13_54,85,46,107;106;149;150;159;142;144;160;158;151;152;164;163;29;162;55;32;33;58,452.4
13_55,85,46,107;106;149;150;159;142;144;160;158;151;152;164;163;29;162;55;32;33;58,453.0
13_56,85,46,107;106;149;150;159;142;144;160;158;151;152;164;163;29;162;55;32;33;58,453.6
13_57,85,46,107;106;149;150;159;142;144;160;158;151;152;164;163;29;162;55;32;33;58,454.2
13_58,85,46,107;106;149;150;159;142;144;160;158;151;152;164;163;29;162;55;32;33;58,454.8
13_59,85,46,107;106;149;150;159;142;144;160;158;151;152;164;163;29;162;55;32;33;58,455.4
13_60,85,46,107;106;149;150;159;142;144;160;158;151;152;164;163;29;162;55;32;33;58,456.0
13_61,85,46,107;106;149;150;159;142;144;160;158;151;152;164;163;29;162;55;32;33;58,456.6
13_62,85,46,107;106;149;150;159;142;144;160;158;151;152;164;163;29;162;55;32;33;58,457.2
13_63,85,46,107;106;149;150;159;142;144;160;158;151;152;164;163;29;162;55;32;33;58,457.8
13_64,85,46,107;106;149;150;159;142;144;160;158;151;152;164;163;29;162;55;32;33;58,458.4
13_65,85,46,107;106;149;150;159;142;144;160;158;151;152;164;163;29;162;55;32;33;58,459.0
13_66,85,46,107;106;149;150;159;142;144;160;158;151;152;164;163;29;162;55;32;33;58,459.6
13_67,85,46,107;106;149;150;159;142;144;160;158;151;152;164;163;29;162;55;32;33;58,460.2
13_68,85,46,107;106;149;150;159;142;144;160;158;151;152;164;163;29;162;55;32;33;58,460.8
13_69,85,46,107;106;149;150;159;142;144;160;158;151;152;164;163;29;162;55;32;33;58,461.4
13_70,85,46,107;106;149;150;159;142;144;160;158;151;152;164;163;29;162;55;32;33;58,462.0
13_71,85,46,107;106;149;150;159;142;144;160;158;151;152;164;163;29;162;55;32;33;58,462.6
13_72,85,46,107;106;149;150;159;142;144;160;158;151;152;164;163;29;162;55;32;33;58,463.2
13_73,85,46,107;106;149;150;159;142;144;160;158;151;152;164;163;29;162;55;32;33;58,463.8
13_74,85,46,107;106;149;150;159;142;144;160;158;151;152;164;163;29;162;55;32;33;58,464.4
13_75,85,46,107;106;149;150;159;142;144;160;158;151;152;164;163;29;162;55;32;33;58,465.0
13_76,85,46,107;106;149;150;159;142;144;160;158;151;152;164;163;29;162;55;32;33;58,465.6
13_77,85,46,107;106;149;150;159;142;144;160;158;151;152;164;163;29;162;55;32;33;58,466.2
13_78,85,46,107;106;149;150;159;142;144;160;158;151;152;164;163;29;162;55;32;33;58,466.8
13_79,85,46,107;106;149;150;159;142;144;160;158;151;152;164;163;29;162;55;32;33;58,467.4
13_80,85,46,107;106;149;150;159;142;144;160;158;151;152;164;163;29;162;55;32;33;58,468.0
13_81,85,46,107;106;149;150;159;142;144;160;158;151;152;164;163;29;162;55;32;33;58,468.6
13_82,85,46,107;106;149;150;159;142;144;160;158;151;152;164;163;29;162;55;32;33;58,469.2
13_83,85,46,107;106;149;150;159;142;144;160;158;151;152;164;163;29;162;55;32;33;58,469.8
13_84,85,46,107;106;149;150;159;142;144;160;158;151;152;164;163;29;162;55;32;33;58,470.4
13_85,85,46,107;106;149;150;159;142;144;160;158;151;152;164;163;29;162;55;32;33;58,471.0
13_86,85,46,107;106;149;150;159;142;144;160;158;151;152;164;163;29;162;55;32;33;58,471.6
13_87,85,46,107;106;149;150;159;142;144;160;158;151;152;164;163;29;162;55;32;33;58,472.2
13_88,85,46,107;106;149;150;159;142;144;160;158;151;152;164;163;29;162;55;32;33;58,472.8
13_89,85,46,107;106;149;150;159;142;144;160;158;151;152;164;163;29;162;55;32;33;58,473.4
13_90,85,46,107;106;149;150;159;142;144;160;158;151;152;164;163;29;162;55;32;33;58,474.0
13_91,85,46,107;106;149;150;159;142;144;160;158;151;152;164;163;29;162;55;32;33;58,474.6
13_92,85,46,107;106;149;150;159;142;144;160;158;151;152;164;163;29;162;55;32;33;58,475.2
13_93,85,46,107;106;149;150;159;142;144;160;158;151;152;164;163;29;162;55;32;33;58,475.8
13_94,85,46,107;106;149;150;159;142;144;160;158;151;152;164;163;29;162;55;32;33;58,476.4
13_95,85,46,107;106;149;150;159;142;144;160;158;151;152;164;163;29;162;55;32;33;58,477.0
13_96,85,46,107;106;149;150;159;142;144;160;158;151;152;164;163;29;162;55;32;33;58,477.6
13_97,85,46,107;106;149;150;159;142;144;160;158;151;152;164;163;29;162;55;32;33;58,478.2
13_98,85,46,107;106;149;150;159;142;144;160;158;151;152;164;163;29;162;55;32;33;58,478.8
13_99,85,46,107;106;149;150;159;142;144;160;158;151;152;164;163;29;162;55;32;33;58,479.4
14_0,103,3,125;101;103;97;100;196;197;193;134;132;133;155;26;27;231;2;16;4,420.0
14_1,103,3,125;101;103;97;100;196;197;193;134;132;133;155;26;27;231;2;16;4,432.0
14_2,103,3,125;101;103;97;100;196;197;193;134;132;133;155;26;27;231;2;16;4,444.0
14_3,103,3,125;101;103;97;100;196;197;193;134;132;133;155;26;27;231;2;16;4,456.0
14_4,103,3,125;101;103;97;100;196;197;193;134;132;133;155;26;27;231;2;16;4,468.0
15_0,103,37,125;101;103;97;100;196;197;193;134;131;108;109;190;139;137;138;9;11;227;228;244;115;117;251;45;39;49,420.0
15_1,103,37,125;101;103;97;100;196;197;193;134;131;108;109;190;139;137;138;9;11;227;228;244;115;117;251;45;39;49,440.0
15_2,103,37,125;101;103;97;100;196;197;193;134;131;108;109;190;139;137;138;9;11;227;228;244;115;117;251;45;39;49,460.0
16_0,103,93,125;101;103;97;100;196;197;193;134;131;108;109;190;139;137;138;9;11;227;228;244;115;117;251;45;39;50,420.0
16_1,103,93,125;101;103;97;100;196;197;193;134;131;108;109;190;139;137;138;9;11;227;228;244;115;117;251;45;39;50,440.0
16_2,103,93,125;101;103;97;100;196;197;193;134;131;108;109;190;139;137;138;9;11;227;228;244;115;117;251;45;39;50,460.0
17_0,103,107,125;101;103;97;100;196;197;193;134;132;133;155;26;27;231;1;3;85;87;88;254;262;79;181;182;127,420.0
17_1,103,107,125;101;103;97;100;196;197;193;134;132;133;155;26;27;231;1;3;85;87;88;254;262;79;181;182;127,440.0
17_2,103,107,125;101;103;97;100;196;197;193;134;132;133;155;26;27;231;1;3;85;87;88;254;262;79;181;182;127,460.0
18_0,103,157,125;101;103;97;100;196;197;193;134;132;133;155;26;27;231;1;3;85;87;88;254;263;80;174;82;218;215;184,420.0
18_1,103,157,125;101;103;97;100;196;197;193;134;132;133;155;26;27;231;1;3;85;87;88;254;263;80;174;82;218;215;184,440.0
18_2,103,157,125;101;103;97;100;196;197;193;134;132;133;155;26;27;231;1;3;85;87;88;254;263;80;174;82;218;215;184,460.0
19_0,103,171,125;101;103;97;100;196;197;193;134;131;108;109;190;139;137;138;9;11;227;228;244;115;117;251;45;38;40;201,420.0
19_1,103,171,125;101;103;97;100;196;197;193;134;131;108;109;190;139;137;138;9;11;227;228;244;115;117;251;45;38;40;201,440.0
19_2,103,171,125;101;103;97;100;196;197;193;134;131;108;109;190;139;137;138;9;11;227;228;244;115;117;251;45;38;40;201,460.0
20_0,103,183,125;101;103;97;100;196;197;193;134;132;133;155;26;27;231;1;3;85;87;88;253;173;71;257;84;146,420.0
20_1,103,183,125;101;103;97;100;196;197;193;134;132;133;155;26;27;231;1;3;85;87;88;253;173;71;257;84;146,440.0
20_2,103,183,125;101;103;97;100;196;197;193;134;132;133;155;26;27;231;1;3;85;87;88;253;173;71;257;84;146,460.0
21_0,103,198,125;101;103;97;100;196;197;193;134;132;133;155;26;27;231;2;16;5,420.0
21_1,103,198,125;101;103;97;100;196;197;193;134;132;133;155;26;27;231;2;16;5,432.0
21_2,103,198,125;101;103;97;100;196;197;193;134;132;133;155;26;27;231;2;16;5,444.0
21_3,103,198,125;101;103;97;100;196;197;193;134;132;133;155;26;27;231;2;16;5,456.0
21_4,103,198,125;101;103;97;100;196;197;193;134;132;133;155;26;27;231;2;16;5,468.0
22_0,103,200,125;101;103;97;100;196;197;193;134;131;108;109;190;139;137;138;9;11;227;228;244;116;124;126;265;62;235,420.0
22_1,103,200,125;101;103;97;100;196;197;193;134;131;108;109;190;139;137;138;9;11;227;228;244;116;124;126;265;62;235,440.0
22_2,103,200,125;101;103;97;100;196;197;193;134;131;108;109;190;139;137;138;9;11;227;228;244;116;124;126;265;62;235,460.0
23_0,103,211,125;101;103;97;100;196;197;193;134;131;108;109;190;140;200,420.0
23_1,103,211,125;101;103;97;100;196;197;193;134;131;108;109;190;140;200,430.0
23_2,103,211,125;101;103;97;100;196;197;193;134;131;108;109;190;140;200,440.0
23_3,103,211,125;101;103;97;100;196;197;193;134;131;108;109;190;140;200,450.0
23_4,103,211,125;101;103;97;100;196;197;193;134;131;108;109;190;140;200,460.0
23_5,103,211,125;101;103;97;100;196;197;193;134;131;108;109;190;140;200,470.0
24_0,103,217,125;101;103;97;100;196;197;193;134;131;108;109;190;139;137;138;9;11;227;228;244;116;124;126;266;122;123;260;120;212;208;206;205,420.0
24_1,103,217,125;101;103;97;100;196;197;193;134;131;108;109;190;139;137;138;9;11;227;228;244;116;124;126;266;122;123;260;120;212;208;206;205,450.0
37_0,141,46,167;59;60;114;56;57;141;161;165;166;106;149;150;159;142;144;160;158;151;152;164;163;29;162;55;32;33;58,420.0
38_0,141,85,167;59;60;114;56;57;141;161;165;166;105,420.0
38_1,141,85,167;59;60;114;56;57;141;161;165;166;105,435.0
38_2,141,85,167;59;60;114;56;57;141;161;165;166;105,450.0
38_3,141,85,167;59;60;114;56;57;141;161;165;166;105,465.0
39_0,157,3,183;185;216;217;81;83;178;262;79;180;15;16;4,420.0
39_1,157,3,183;185;216;217;81;83;178;262;79;180;15;16;4,440.0
39_2,157,3,183;185;216;217;81;83;178;262;79;180;15;16;4,460.0
40_0,157,37,183;185;216;217;81;83;178;261;74;76;172;68;72;73;179;20;22;232;230;24;229;227;228;244;115;117;251;45;39;49,420.0
41_0,157,93,183;185;216;217;81;83;178;261;74;76;172;68;72;73;179;20;22;232;230;24;229;227;228;244;115;117;251;45;39;50,420.0
42_0,157,103,183;185;216;217;81;83;178;261;74;76;172;68;72;73;179;20;22;232;230;23;25;250;189;139;136;110;111;191;187;112;113;192;194;198;195;99;98;104;102,420.0
43_0,157,107,183;185;216;217;81;83;178;262;79;181;182;127,420.0
43_1,157,107,183;185;216;217;81;83;178;262;79;181;182;127,440.0
43_2,157,107,183;185;216;217;81;83;178;262;79;181;182;127,460.0
44_0,157,171,183;185;216;217;81;83;178;261;74;76;172;68;72;73;179;20;22;232;230;24;229;227;228;244;115;117;251;45;38;40;201,420.0
45_0,157,183,183;185;216;217;81;83;178;261;74;76;173;71;257;84;146,420.0
45_1,157,183,183;185;216;217;81;83;178;261;74;76;173;71;257;84;146,440.0
45_2,157,183,183;185;216;217;81;83;178;261;74;76;173;71;257;84;146,460.0
46_0,157,198,183;185;216;217;81;83;178;262;79;180;15;16;5,420.0
46_1,157,198,183;185;216;217;81;83;178;262;79;180;15;16;5,440.0
46_2,157,198,183;185;216;217;81;83;178;262;79;180;15;16;5,460.0
47_0,157,200,183;185;216;217;81;83;178;261;74;76;172;68;72;73;179;20;22;232;230;24;229;227;228;244;116;124;126;265;62;235,420.0
48_0,157,211,183;185;216;217;81;83;178;261;74;76;172;68;72;73;179;20;22;232;230;23;25;250;189;140;200,420.0
49_0,157,217,183;185;216;217;81;83;178;261;74;76;172;68;72;73;179;20;22;232;230;24;229;227;228;244;116;124;126;266;122;123;260;120;212;208;206;205,420.0
50_0,168,3,199;148;136;110;111;191;188;132;133;155;26;27;231;2;16;4,420.0
50_1,168,3,199;148;136;110;111;191;188;132;133;155;26;27;231;2;16;4,432.0
50_2,168,3,199;148;136;110;111;191;188;132;133;155;26;27;231;2;16;4,444.0
50_3,168,3,199;148;136;110;111;191;188;132;133;155;26;27;231;2;16;4,456.0
50_4,168,3,199;148;136;110;111;191;188;132;133;155;26;27;231;2;16;4,468.0
51_0,168,37,199;148;137;138;9;11;227;228;244;115;117;251;45;39;49,420.0
51_1,168,37,199;148;137;138;9;11;227;228;244;115;117;251;45;39;49,432.0
51_2,168,37,199;148;137;138;9;11;227;228;244;115;117;251;45;39;49,444.0
51_3,168,37,199;148;137;138;9;11;227;228;244;115;117;251;45;39;49,456.0
51_4,168,37,199;148;137;138;9;11;227;228;244;115;117;251;45;39;49,468.0
52_0,168,93,199;148;137;138;9;11;227;228;244;115;117;251;45;39;50,420.0
52_1,168,93,199;148;137;138;9;11;227;228;244;115;117;251;45;39;50,432.0
52_2,168,93,199;148;137;138;9;11;227;228;244;115;117;251;45;39;50,444.0
52_3,168,93,199;148;137;138;9;11;227;228;244;115;117;251;45;39;50,456.0
52_4,168,93,199;148;137;138;9;11;227;228;244;115;117;251;45;39;50,468.0
53_0,168,103,199;148;136;110;111;191;187;112;113;192;194;198;195;99;98;104;102,420.0
53_1,168,103,199;148;136;110;111;191;187;112;113;192;194;198;195;99;98;104;102,432.0
53_2,168,103,199;148;136;110;111;191;187;112;113;192;194;198;195;99;98;104;102,444.0
53_3,168,103,199;148;136;110;111;191;187;112;113;192;194;198;195;99;98;104;102,456.0
53_4,168,103,199;148;136;110;111;191;187;112;113;192;194;198;195;99;98;104;102,468.0
54_0,168,107,199;148;136;110;111;191;188;132;133;155;26;27;231;1;3;85;87;88;254;262;79;181;182;127,420.0
54_1,168,107,199;148;136;110;111;191;188;132;133;155;26;27;231;1;3;85;87;88;254;262;79;181;182;127,440.0
54_2,168,107,199;148;136;110;111;191;188;132;133;155;26;27;231;1;3;85;87;88;254;262;79;181;182;127,460.0
55_0,168,157,199;148;136;110;111;191;188;132;133;155;26;27;231;1;3;85;87;88;254;263;80;174;82;218;215;184,420.0
55_1,168,157,199;148;136;110;111;191;188;132;133;155;26;27;231;1;3;85;87;88;254;263;80;174;82;218;215;184,440.0
55_2,168,157,199;148;136;110;111;191;188;132;133;155;26;27;231;1;3;85;87;88;254;263;80;174;82;218;215;184,460.0
56_0,168,171,199;148;137;138;9;11;227;228;244;115;117;251;45;38;40;201,420.0
56_1,168,171,199;148;137;138;9;11;227;228;244;115;117;251;45;38;40;201,432.0
56_2,168,171,199;148;137;138;9;11;227;228;244;115;117;251;45;38;40;201,444.0
56_3,168,171,199;148;137;138;9;11;227;228;244;115;117;251;45;38;40;201,456.0
56_4,168,171,199;148;137;138;9;11;227;228;244;115;117;251;45;38;40;201,468.0
57_0,168,183,199;148;136;110;111;191;188;132;133;155;26;27;231;1;3;85;87;88;253;173;71;257;84;146,420.0
57_1,168,183,199;148;136;110;111;191;188;132;133;155;26;27;231;1;3;85;87;88;253;173;71;257;84;146,440.0
57_2,168,183,199;148;136;110;111;191;188;132;133;155;26;27;231;1;3;85;87;88;253;173;71;257;84;146,460.0
58_0,168,198,199;148;136;110;111;191;188;132;133;155;26;27;231;2;16;5,420.0
58_1,168,198,199;148;136;110;111;191;188;132;133;155;26;27;231;2;16;5,432.0
58_2,168,198,199;148;136;110;111;191;188;132;133;155;26;27;231;2;16;5,444.0
58_3,168,198,199;148;136;110;111;191;188;132;133;155;26;27;231;2;16;5,456.0
58_4,168,198,199;148;136;110;111;191;188;132;133;155;26;27;231;2;16;5,468.0
59_0,168,200,199;148;137;138;9;11;227;228;244;116;124;126;265;62;235,420.0
59_1,168,200,199;148;137;138;9;11;227;228;244;116;124;126;265;62;235,430.0
59_2,168,200,199;148;137;138;9;11;227;228;244;116;124;126;265;62;235,440.0
59_3,168,200,199;148;137;138;9;11;227;228;244;116;124;126;265;62;235,450.0
59_4,168,200,199;148;137;138;9;11;227;228;244;116;124;126;265;62;235,460.0
59_5,168,200,199;148;137;138;9;11;227;228;244;116;124;126;265;62;235,470.0
60_0,168,211,199;148;136;110;111;191;188;131;108;109;190;140;200,420.0
60_1,168,211,199;148;136;110;111;191;188;131;108;109;190;140;200,428.57142857142856
60_2,168,211,199;148;136;110;111;191;188;131;108;109;190;140;200,437.14285714285717
60_3,168,211,199;148;136;110;111;191;188;131;108;109;190;140;200,445.7142857142857
60_4,168,211,199;148;136;110;111;191;188;131;108;109;190;140;200,454.2857142857143
60_5,168,211,199;148;136;110;111;191;188;131;108;109;190;140;200,462.8571428571429
60_6,168,211,199;148;136;110;111;191;188;131;108;109;190;140;200,471.42857142857144
61_0,168,217,199;148;137;138;9;11;227;228;244;116;124;126;266;122;123;260;120;212;208;206;205,420.0
61_1,168,217,199;148;137;138;9;11;227;228;244;116;124;126;266;122;123;260;120;212;208;206;205,435.0
61_2,168,217,199;148;137;138;9;11;227;228;244;116;124;126;266;122;123;260;120;212;208;206;205,450.0
61_3,168,217,199;148;137;138;9;11;227;228;244;116;124;126;266;122;123;260;120;212;208;206;205,465.0
62_0,172,46,202;144;160;158;151;152;164;163;29;162;55;32;33;58,420.0
62_1,172,46,202;144;160;158;151;152;164;163;29;162;55;32;33;58,421.7142857142857
62_2,172,46,202;144;160;158;151;152;164;163;29;162;55;32;33;58,423.42857142857144
62_3,172,46,202;144;160;158;151;152;164;163;29;162;55;32;33;58,425.14285714285717
62_4,172,46,202;144;160;158;151;152;164;163;29;162;55;32;33;58,426.85714285714283
62_5,172,46,202;144;160;158;151;152;164;163;29;162;55;32;33;58,428.57142857142856
62_6,172,46,202;144;160;158;151;152;164;163;29;162;55;32;33;58,430.2857142857143
62_7,172,46,202;144;160;158;151;152;164;163;29;162;55;32;33;58,432.0
62_8,172,46,202;144;160;158;151;152;164;163;29;162;55;32;33;58,433.7142857142857
62_9,172,46,202;144;160;158;151;152;164;163;29;162;55;32;33;58,435.42857142857144
62_10,172,46,202;144;160;158;151;152;164;163;29;162;55;32;33;58,437.14285714285717
62_11,172,46,202;144;160;158;151;152;164;163;29;162;55;32;33;58,438.85714285714283
62_12,172,46,202;144;160;158;151;152;164;163;29;162;55;32;33;58,440.57142857142856
62_13,172,46,202;144;160;158;151;152;164;163;29;162;55;32;33;58,442.2857142857143
62_14,172,46,202;144;160;158;151;152;164;163;29;162;55;32;33;58,444.0
62_15,172,46,202;144;160;158;151;152;164;163;29;162;55;32;33;58,445.7142857142857
62_16,172,46,202;144;160;158;151;152;164;163;29;162;55;32;33;58,447.42857142857144
62_17,172,46,202;144;160;158;151;152;164;163;29;162;55;32;33;58,449.14285714285717
62_18,172,46,202;144;160;158;151;152;164;163;29;162;55;32;33;58,450.85714285714283
62_19,172,46,202;144;160;158;151;152;164;163;29;162;55;32;33;58,452.57142857142856
62_20,172,46,202;144;160;158;151;152;164;163;29;162;55;32;33;58,454.2857142857143
62_21,172,46,202;144;160;158;151;152;164;163;29;162;55;32;33;58,456.0
62_22,172,46,202;144;160;158;151;152;164;163;29;162;55;32;33;58,457.7142857142857
62_23,172,46,202;144;160;158;151;152;164;163;29;162;55;32;33;58,459.42857142857144
62_24,172,46,202;144;160;158;151;152;164;163;29;162;55;32;33;58,461.14285714285717
62_25,172,46,202;144;160;158;151;152;164;163;29;162;55;32;33;58,462.8571428571429
62_26,172,46,202;144;160;158;151;152;164;163;29;162;55;32;33;58,464.57142857142856
62_27,172,46,202;144;160;158;151;152;164;163;29;162;55;32;33;58,466.2857142857143
62_28,172,46,202;144;160;158;151;152;164;163;29;162;55;32;33;58,468.0
62_29,172,46,202;144;160;158;151;152;164;163;29;162;55;32;33;58,469.7142857142857
62_30,172,46,202;144;160;158;151;152;164;163;29;162;55;32;33;58,471.42857142857144
62_31,172,46,202;144;160;158;151;152;164;163;29;162;55;32;33;58,473.1428571428571
62_32,172,46,202;144;160;158;151;152;164;163;29;162;55;32;33;58,474.85714285714283
62_33,172,46,202;144;160;158;151;152;164;163;29;162;55;32;33;58,476.57142857142856
62_34,172,46,202;144;160;158;151;152;164;163;29;162;55;32;33;58,478.2857142857143
63_0,183,3,219;145;147;175;255;67;70;171;95;78;79;180;15;16;4,420.0
63_1,183,3,219;145;147;175;255;67;70;171;95;78;79;180;15;16;4,421.6666666666667
63_2,183,3,219;145;147;175;255;67;70;171;95;78;79;180;15;16;4,423.3333333333333
63_3,183,3,219;145;147;175;255;67;70;171;95;78;79;180;15;16;4,425.0
63_4,183,3,219;145;147;175;255;67;70;171;95;78;79;180;15;16;4,426.6666666666667
63_5,183,3,219;145;147;175;255;67;70;171;95;78;79;180;15;16;4,428.3333333333333
63_6,183,3,219;145;147;175;255;67;70;171;95;78;79;180;15;16;4,430.0
63_7,183,3,219;145;147;175;255;67;70;171;95;78;79;180;15;16;4,431.6666666666667
63_8,183,3,219;145;147;175;255;67;70;171;95;78;79;180;15;16;4,433.3333333333333
63_9,183,3,219;145;147;175;255;67;70;171;95;78;79;180;15;16;4,435.0
63_10,183,3,219;145;147;175;255;67;70;171;95;78;79;180;15;16;4,436.6666666666667
63_11,183,3,219;145;147;175;255;67;70;171;95;78;79;180;15;16;4,438.3333333333333
63_12,183,3,219;145;147;175;255;67;70;171;95;78;79;180;15;16;4,440.0
63_13,183,3,219;145;147;175;255;67;70;171;95;78;79;180;15;16;4,441.6666666666667
63_14,183,3,219;145;147;175;255;67;70;171;95;78;79;180;15;16;4,443.3333333333333
63_15,183,3,219;145;147;175;255;67;70;171;95;78;79;180;15;16;4,445.0
63_16,183,3,219;145;147;175;255;67;70;171;95;78;79;180;15;16;4,446.6666666666667
63_17,183,3,219;145;147;175;255;67;70;171;95;78;79;180;15;16;4,448.3333333333333
63_18,183,3,219;145;147;175;255;67;70;171;95;78;79;180;15;16;4,450.0
63_19,183,3,219;145;147;175;255;67;70;171;95;78;79;180;15;16;4,451.6666666666667
63_20,183,3,219;145;147;175;255;67;70;171;95;78;79;180;15;16;4,453.3333333333333
63_21,183,3,219;145;147;175;255;67;70;171;95;78;79;180;15;16;4,455.0
63_22,183,3,219;145;147;175;255;67;70;171;95;78;79;180;15;16;4,456.6666666666667
63_23,183,3,219;145;147;175;255;67;70;171;95;78;79;180;15;16;4,458.3333333333333
63_24,183,3,219;145;147;175;255;67;70;171;95;78;79;180;15;16;4,460.0
63_25,183,3,219;145;147;175;255;67;70;171;95;78;79;180;15;16;4,461.6666666666667
63_26,183,3,219;145;147;175;255;67;70;171;95;78;79;180;15;16;4,463.3333333333333
63_27,183,3,219;145;147;175;255;67;70;171;95;78;79;180;15;16;4,465.0
63_28,183,3,219;145;147;175;255;67;70;171;95;78;79;180;15;16;4,466.6666666666667
63_29,183,3,219;145;147;175;255;67;70;171;95;78;79;180;15;16;4,468.3333333333333
63_30,183,3,219;145;147;175;255;67;70;171;95;78;79;180;15;16;4,470.0
63_31,183,3,219;145;147;175;255;67;70;171;95;78;79;180;15;16;4,471.6666666666667
63_32,183,3,219;145;147;175;255;67;70;171;95;78;79;180;15;16;4,473.3333333333333
63_33,183,3,219;145;147;175;255;67;70;171;95;78;79;180;15;16;4,475.0
63_34,183,3,219;145;147;175;255;67;70;171;95;78;79;180;15;16;4,476.6666666666667
63_35,183,3,219;145;147;175;255;67;70;171;95;78;79;180;15;16;4,478.3333333333333
64_0,183,37,219;145;147;175;256;73;179;20;22;232;230;24;229;227;228;244;115;117;251;45;39;49,420.0
64_1,183,37,219;145;147;175;256;73;179;20;22;232;230;24;229;227;228;244;115;117;251;45;39;49,423.0
64_2,183,37,219;145;147;175;256;73;179;20;22;232;230;24;229;227;228;244;115;117;251;45;39;49,426.0
64_3,183,37,219;145;147;175;256;73;179;20;22;232;230;24;229;227;228;244;115;117;251;45;39;49,429.0
64_4,183,37,219;145;147;175;256;73;179;20;22;232;230;24;229;227;228;244;115;117;251;45;39;49,432.0
64_5,183,37,219;145;147;175;256;73;179;20;22;232;230;24;229;227;228;244;115;117;251;45;39;49,435.0
64_6,183,37,219;145;147;175;256;73;179;20;22;232;230;24;229;227;228;244;115;117;251;45;39;49,438.0
64_7,183,37,219;145;147;175;256;73;179;20;22;232;230;24;229;227;228;244;115;117;251;45;39;49,441.0
64_8,183,37,219;145;147;175;256;73;179;20;22;232;230;24;229;227;228;244;115;117;251;45;39;49,444.0
64_9,183,37,219;145;147;175;256;73;179;20;22;232;230;24;229;227;228;244;115;117;251;45;39;49,447.0
64_10,183,37,219;145;147;175;256;73;179;20;22;232;230;24;229;227;228;244;115;117;251;45;39;49,450.0
64_11,183,37,219;145;147;175;256;73;179;20;22;232;230;24;229;227;228;244;115;117;251;45;39;49,453.0
64_12,183,37,219;145;147;175;256;73;179;20;22;232;230;24;229;227;228;244;115;117;251;45;39;49,456.0
64_13,183,37,219;145;147;175;256;73;179;20;22;232;230;24;229;227;228;244;115;117;251;45;39;49,459.0
64_14,183,37,219;145;147;175;256;73;179;20;22;232;230;24;229;227;228;244;115;117;251;45;39;49,462.0
64_15,183,37,219;145;147;175;256;73;179;20;22;232;230;24;229;227;228;244;115;117;251;45;39;49,465.0
64_16,183,37,219;145;147;175;256;73;179;20;22;232;230;24;229;227;228;244;115;117;251;45;39;49,468.0
64_17,183,37,219;145;147;175;256;73;179;20;22;232;230;24;229;227;228;244;115;117;251;45;39;49,471.0
64_18,183,37,219;145;147;175;256;73;179;20;22;232;230;24;229;227;228;244;115;117;251;45;39;49,474.0
64_19,183,37,219;145;147;175;256;73;179;20;22;232;230;24;229;227;228;244;115;117;251;45;39;49,477.0
65_0,183,93,219;145;147;175;256;73;179;20;22;232;230;24;229;227;228;244;115;117;251;45;39;50,420.0
65_1,183,93,219;145;147;175;256;73;179;20;22;232;230;24;229;227;228;244;115;117;251;45;39;50,423.0
65_2,183,93,219;145;147;175;256;73;179;20;22;232;230;24;229;227;228;244;115;117;251;45;39;50,426.0
65_3,183,93,219;145;147;175;256;73;179;20;22;232;230;24;229;227;228;244;115;117;251;45;39;50,429.0
65_4,183,93,219;145;147;175;256;73;179;20;22;232;230;24;229;227;228;244;115;117;251;45;39;50,432.0
65_5,183,93,219;145;147;175;256;73;179;20;22;232;230;24;229;227;228;244;115;117;251;45;39;50,435.0
65_6,183,93,219;145;147;175;256;73;179;20;22;232;230;24;229;227;228;244;115;117;251;45;39;50,438.0
65_7,183,93,219;145;147;175;256;73;179;20;22;232;230;24;229;227;228;244;115;117;251;45;39;50,441.0
65_8,183,93,219;145;147;175;256;73;179;20;22;232;230;24;229;227;228;244;115;117;251;45;39;50,444.0
65_9,183,93,219;145;147;175;256;73;179;20;22;232;230;24;229;227;228;244;115;117;251;45;39;50,447.0
65_10,183,93,219;145;147;175;256;73;179;20;22;232;230;24;229;227;228;244;115;117;251;45;39;50,450.0
65_11,183,93,219;145;147;175;256;73;179;20;22;232;230;24;229;227;228;244;115;117;251;45;39;50,453.0
65_12,183,93,219;145;147;175;256;73;179;20;22;232;230;24;229;227;228;244;115;117;251;45;39;50,456.0
65_13,183,93,219;145;147;175;256;73;179;20;22;232;230;24;229;227;228;244;115;117;251;45;39;50,459.0
65_14,183,93,219;145;147;175;256;73;179;20;22;232;230;24;229;227;228;244;115;117;251;45;39;50,462.0
65_15,183,93,219;145;147;175;256;73;179;20;22;232;230;24;229;227;228;244;115;117;251;45;39;50,465.0
65_16,183,93,219;145;147;175;256;73;179;20;22;232;230;24;229;227;228;244;115;117;251;45;39;50,468.0
65_17,183,93,219;145;147;175;256;73;179;20;22;232;230;24;229;227;228;244;115;117;251;45;39;50,471.0
65_18,183,93,219;145;147;175;256;73;179;20;22;232;230;24;229;227;228;244;115;117;251;45;39;50,474.0
65_19,183,93,219;145;147;175;256;73;179;20;22;232;230;24;229;227;228;244;115;117;251;45;39;50,477.0
66_0,183,103,219;145;147;175;256;73;179;20;22;232;230;23;25;250;189;139;136;110;111;191;187;112;113;192;194;198;195;99;98;104;102,420.0
66_1,183,103,219;145;147;175;256;73;179;20;22;232;230;23;25;250;189;139;136;110;111;191;187;112;113;192;194;198;195;99;98;104;102,423.75
66_2,183,103,219;145;147;175;256;73;179;20;22;232;230;23;25;250;189;139;136;110;111;191;187;112;113;192;194;198;195;99;98;104;102,427.5
66_3,183,103,219;145;147;175;256;73;179;20;22;232;230;23;25;250;189;139;136;110;111;191;187;112;113;192;194;198;195;99;98;104;102,431.25
66_4,183,103,219;145;147;175;256;73;179;20;22;232;230;23;25;250;189;139;136;110;111;191;187;112;113;192;194;198;195;99;98;104;102,435.0
66_5,183,103,219;145;147;175;256;73;179;20;22;232;230;23;25;250;189;139;136;110;111;191;187;112;113;192;194;198;195;99;98;104;102,438.75
66_6,183,103,219;145;147;175;256;73;179;20;22;232;230;23;25;250;189;139;136;110;111;191;187;112;113;192;194;198;195;99;98;104;102,442.5
66_7,183,103,219;145;147;175;256;73;179;20;22;232;230;23;25;250;189;139;136;110;111;191;187;112;113;192;194;198;195;99;98;104;102,446.25
66_8,183,103,219;145;147;175;256;73;179;20;22;232;230;23;25;250;189;139;136;110;111;191;187;112;113;192;194;198;195;99;98;104;102,450.0
66_9,183,103,219;145;147;175;256;73;179;20;22;232;230;23;25;250;189;139;136;110;111;191;187;112;113;192;194;198;195;99;98;104;102,453.75
66_10,183,103,219;145;147;175;256;73;179;20;22;232;230;23;25;250;189;139;136;110;111;191;187;112;113;192;194;198;195;99;98;104;102,457.5
66_11,183,103,219;145;147;175;256;73;179;20;22;232;230;23;25;250;189;139;136;110;111;191;187;112;113;192;194;198;195;99;98;104;102,461.25
66_12,183,103,219;145;147;175;256;73;179;20;22;232;230;23;25;250;189;139;136;110;111;191;187;112;113;192;194;198;195;99;98;104;102,465.0
66_13,183,103,219;145;147;175;256;73;179;20;22;232;230;23;25;250;189;139;136;110;111;191;187;112;113;192;194;198;195;99;98;104;102,468.75
66_14,183,103,219;145;147;175;256;73;179;20;22;232;230;23;25;250;189;139;136;110;111;191;187;112;113;192;194;198;195;99;98;104;102,472.5
66_15,183,103,219;145;147;175;256;73;179;20;22;232;230;23;25;250;189;139;136;110;111;191;187;112;113;192;194;198;195;99;98;104;102,476.25
67_0,183,107,219;145;147;175;255;67;70;171;95;78;79;181;182;127,420.0
67_1,183,107,219;145;147;175;255;67;70;171;95;78;79;181;182;127,421.6216216216216
67_2,183,107,219;145;147;175;255;67;70;171;95;78;79;181;182;127,423.2432432432432
67_3,183,107,219;145;147;175;255;67;70;171;95;78;79;181;182;127,424.86486486486484
67_4,183,107,219;145;147;175;255;67;70;171;95;78;79;181;182;127,426.4864864864865
67_5,183,107,219;145;147;175;255;67;70;171;95;78;79;181;182;127,428.1081081081081
67_6,183,107,219;145;147;175;255;67;70;171;95;78;79;181;182;127,429.72972972972974
67_7,183,107,219;145;147;175;255;67;70;171;95;78;79;181;182;127,431.35135135135135
67_8,183,107,219;145;147;175;255;67;70;171;95;78;79;181;182;127,432.97297297297297
67_9,183,107,219;145;147;175;255;67;70;171;95;78;79;181;182;127,434.5945945945946
67_10,183,107,219;145;147;175;255;67;70;171;95;78;79;181;182;127,436.2162162162162
67_11,183,107,219;145;147;175;255;67;70;171;95;78;79;181;182;127,437.8378378378378
67_12,183,107,219;145;147;175;255;67;70;171;95;78;79;181;182;127,439.4594594594595
67_13,183,107,219;145;147;175;255;67;70;171;95;78;79;181;182;127,441.0810810810811
67_14,183,107,219;145;147;175;255;67;70;171;95;78;79;181;182;127,442.7027027027027
67_15,183,107,219;145;147;175;255;67;70;171;95;78;79;181;182;127,444.3243243243243
67_16,183,107,219;145;147;175;255;67;70;171;95;78;79;181;182;127,445.94594594594594
67_17,183,107,219;145;147;175;255;67;70;171;95;78;79;181;182;127,447.56756756756755
67_18,183,107,219;145;147;175;255;67;70;171;95;78;79;181;182;127,449.18918918918916
67_19,183,107,219;145;147;175;255;67;70;171;95;78;79;181;182;127,450.81081081081084
67_20,183,107,219;145;147;175;255;67;70;171;95;78;79;181;182;127,452.43243243243245
67_21,183,107,219;145;147;175;255;67;70;171;95;78;79;181;182;127,454.05405405405406
67_22,183,107,219;145;147;175;255;67;70;171;95;78;79;181;182;127,455.6756756756757
67_23,183,107,219;145;147;175;255;67;70;171;95;78;79;181;182;127,457.2972972972973
67_24,183,107,219;145;147;175;255;67;70;171;95;78;79;181;182;127,458.9189189189189
67_25,183,107,219;145;147;175;255;67;70;171;95;78;79;181;182;127,460.5405405405405
67_26,183,107,219;145;147;175;255;67;70;171;95;78;79;181;182;127,462.1621621621622
67_27,183,107,219;145;147;175;255;67;70;171;95;78;79;181;182;127,463.7837837837838
67_28,183,107,219;145;147;175;255;67;70;171;95;78;79;181;182;127,465.4054054054054
67_29,183,107,219;145;147;175;255;67;70;171;95;78;79;181;182;127,467.02702702702703
67_30,183,107,219;145;147;175;255;67;70;171;95;78;79;181;182;127,468.64864864864865
67_31,183,107,219;145;147;175;255;67;70;171;95;78;79;181;182;127,470.27027027027026
67_32,183,107,219;145;147;175;255;67;70;171;95;78;79;181;182;127,471.8918918918919
67_33,183,107,219;145;147;175;255;67;70;171;95;78;79;181;182;127,473.51351351351354
67_34,183,107,219;145;147;175;255;67;70;171;95;78;79;181;182;127,475.13513513513516
67_35,183,107,219;145;147;175;255;67;70;171;95;78;79;181;182;127,476.7567567567568
67_36,183,107,219;145;147;175;255;67;70;171;95;78;79;181;182;127,478.3783783783784
68_0,183,157,219;145;147;175;255;66;69;254;263;80;174;82;218;215;184,420.0
68_1,183,157,219;145;147;175;255;66;69;254;263;80;174;82;218;215;184,421.6216216216216
68_2,183,157,219;145;147;175;255;66;69;254;263;80;174;82;218;215;184,423.2432432432432
68_3,183,157,219;145;147;175;255;66;69;254;263;80;174;82;218;215;184,424.86486486486484
68_4,183,157,219;145;147;175;255;66;69;254;263;80;174;82;218;215;184,426.4864864864865
68_5,183,157,219;145;147;175;255;66;69;254;263;80;174;82;218;215;184,428.1081081081081
68_6,183,157,219;145;147;175;255;66;69;254;263;80;174;82;218;215;184,429.72972972972974
68_7,183,157,219;145;147;175;255;66;69;254;263;80;174;82;218;215;184,431.35135135135135
68_8,183,157,219;145;147;175;255;66;69;254;263;80;174;82;218;215;184,432.97297297297297
68_9,183,157,219;145;147;175;255;66;69;254;263;80;174;82;218;215;184,434.5945945945946
68_10,183,157,219;145;147;175;255;66;69;254;263;80;174;82;218;215;184,436.2162162162162
68_11,183,157,219;145;147;175;255;66;69;254;263;80;174;82;218;215;184,437.8378378378378
68_12,183,157,219;145;147;175;255;66;69;254;263;80;174;82;218;215;184,439.4594594594595
68_13,183,157,219;145;147;175;255;66;69;254;263;80;174;82;218;215;184,441.0810810810811
68_14,183,157,219;145;147;175;255;66;69;254;263;80;174;82;218;215;184,442.7027027027027
68_15,183,157,219;145;147;175;255;66;69;254;263;80;174;82;218;215;184,444.3243243243243
68_16,183,157,219;145;147;175;255;66;69;254;263;80;174;82;218;215;184,445.94594594594594
68_17,183,157,219;145;147;175;255;66;69;254;263;80;174;82;218;215;184,447.56756756756755
68_18,183,157,219;145;147;175;255;66;69;254;263;80;174;82;218;215;184,449.18918918918916
68_19,183,157,219;145;147;175;255;66;69;254;263;80;174;82;218;215;184,450.81081081081084
68_20,183,157,219;145;147;175;255;66;69;254;263;80;174;82;218;215;184,452.43243243243245
68_21,183,157,219;145;147;175;255;66;69;254;263;80;174;82;218;215;184,454.05405405405406
68_22,183,157,219;145;147;175;255;66;69;254;263;80;174;82;218;215;184,455.6756756756757
68_23,183,157,219;145;147;175;255;66;69;254;263;80;174;82;218;215;184,457.2972972972973
68_24,183,157,219;145;147;175;255;66;69;254;263;80;174;82;218;215;184,458.9189189189189
68_25,183,157,219;145;147;175;255;66;69;254;263;80;174;82;218;215;184,460.5405405405405
68_26,183,157,219;145;147;175;255;66;69;254;263;80;174;82;218;215;184,462.1621621621622
68_27,183,157,219;145;147;175;255;66;69;254;263;80;174;82;218;215;184,463.7837837837838
68_28,183,157,219;145;147;175;255;66;69;254;263;80;174;82;218;215;184,465.4054054054054
68_29,183,157,219;145;147;175;255;66;69;254;263;80;174;82;218;215;184,467.02702702702703
68_30,183,157,219;145;147;175;255;66;69;254;263;80;174;82;218;215;184,468.64864864864865
68_31,183,157,219;145;147;175;255;66;69;254;263;80;174;82;218;215;184,470.27027027027026
68_32,183,157,219;145;147;175;255;66;69;254;263;80;174;82;218;215;184,471.8918918918919
68_33,183,157,219;145;147;175;255;66;69;254;263;80;174;82;218;215;184,473.51351351351354
68_34,183,157,219;145;147;175;255;66;69;254;263;80;174;82;218;215;184,475.13513513513516
68_35,183,157,219;145;147;175;255;66;69;254;263;80;174;82;218;215;184,476.7567567567568
68_36,183,157,219;145;147;175;255;66;69;254;263;80;174;82;218;215;184,478.3783783783784
69_0,183,171,219;145;147;175;256;73;179;20;22;232;230;24;229;227;228;244;115;117;251;45;38;40;201,420.0
69_1,183,171,219;145;147;175;256;73;179;20;22;232;230;24;229;227;228;244;115;117;251;45;38;40;201,423.1578947368421
69_2,183,171,219;145;147;175;256;73;179;20;22;232;230;24;229;227;228;244;115;117;251;45;38;40;201,426.3157894736842
69_3,183,171,219;145;147;175;256;73;179;20;22;232;230;24;229;227;228;244;115;117;251;45;38;40;201,429.4736842105263
69_4,183,171,219;145;147;175;256;73;179;20;22;232;230;24;229;227;228;244;115;117;251;45;38;40;201,432.63157894736844
69_5,183,171,219;145;147;175;256;73;179;20;22;232;230;24;229;227;228;244;115;117;251;45;38;40;201,435.7894736842105
69_6,183,171,219;145;147;175;256;73;179;20;22;232;230;24;229;227;228;244;115;117;251;45;38;40;201,438.9473684210526
69_7,183,171,219;145;147;175;256;73;179;20;22;232;230;24;229;227;228;244;115;117;251;45;38;40;201,442.10526315789474
69_8,183,171,219;145;147;175;256;73;179;20;22;232;230;24;229;227;228;244;115;117;251;45;38;40;201,445.2631578947368
69_9,183,171,219;145;147;175;256;73;179;20;22;232;230;24;229;227;228;244;115;117;251;45;38;40;201,448.42105263157896
69_10,183,171,219;145;147;175;256;73;179;20;22;232;230;24;229;227;228;244;115;117;251;45;38;40;201,451.57894736842104
69_11,183,171,219;145;147;175;256;73;179;20;22;232;230;24;229;227;228;244;115;117;251;45;38;40;201,454.7368421052632
69_12,183,171,219;145;147;175;256;73;179;20;22;232;230;24;229;227;228;244;115;117;251;45;38;40;201,457.89473684210526
69_13,183,171,219;145;147;175;256;73;179;20;22;232;230;24;229;227;228;244;115;117;251;45;38;40;201,461.0526315789474
69_14,183,171,219;145;147;175;256;73;179;20;22;232;230;24;229;227;228;244;115;117;251;45;38;40;201,464.2105263157895
69_15,183,171,219;145;147;175;256;73;179;20;22;232;230;24;229;227;228;244;115;117;251;45;38;40;201,467.36842105263156
69_16,183,171,219;145;147;175;256;73;179;20;22;232;230;24;229;227;228;244;115;117;251;45;38;40;201,470.5263157894737
69_17,183,171,219;145;147;175;256;73;179;20;22;232;230;24;229;227;228;244;115;117;251;45;38;40;201,473.6842105263158
69_18,183,171,219;145;147;175;256;73;179;20;22;232;230;24;229;227;228;244;115;117;251;45;38;40;201,476.8421052631579
70_0,183,198,219;145;147;175;255;67;70;171;95;78;79;180;15;16;5,420.0
70_1,183,198,219;145;147;175;255;67;70;171;95;78;79;180;15;16;5,421.6666666666667
70_2,183,198,219;145;147;175;255;67;70;171;95;78;79;180;15;16;5,423.3333333333333
70_3,183,198,219;145;147;175;255;67;70;171;95;78;79;180;15;16;5,425.0
70_4,183,198,219;145;147;175;255;67;70;171;95;78;79;180;15;16;5,426.6666666666667
70_5,183,198,219;145;147;175;255;67;70;171;95;78;79;180;15;16;5,428.3333333333333
70_6,183,198,219;145;147;175;255;67;70;171;95;78;79;180;15;16;5,430.0
70_7,183,198,219;145;147;175;255;67;70;171;95;78;79;180;15;16;5,431.6666666666667
70_8,183,198,219;145;147;175;255;67;70;171;95;78;79;180;15;16;5,433.3333333333333
70_9,183,198,219;145;147;175;255;67;70;171;95;78;79;180;15;16;5,435.0
70_10,183,198,219;145;147;175;255;67;70;171;95;78;79;180;15;16;5,436.6666666666667
70_11,183,198,219;145;147;175;255;67;70;171;95;78;79;180;15;16;5,438.3333333333333
70_12,183,198,219;145;147;175;255;67;70;171;95;78;79;180;15;16;5,440.0
70_13,183,198,219;145;147;175;255;67;70;171;95;78;79;180;15;16;5,441.6666666666667
70_14,183,198,219;145;147;175;255;67;70;171;95;78;79;180;15;16;5,443.3333333333333
70_15,183,198,219;145;147;175;255;67;70;171;95;78;79;180;15;16;5,445.0
70_16,183,198,219;145;147;175;255;67;70;171;95;78;79;180;15;16;5,446.6666666666667
70_17,183,198,219;145;147;175;255;67;70;171;95;78;79;180;15;16;5,448.3333333333333
70_18,183,198,219;145;147;175;255;67;70;171;95;78;79;180;15;16;5,450.0
70_19,183,198,219;145;147;175;255;67;70;171;95;78;79;180;15;16;5,451.6666666666667
70_20,183,198,219;145;147;175;255;67;70;171;95;78;79;180;15;16;5,453.3333333333333
70_21,183,198,219;145;147;175;255;67;70;171;95;78;79;180;15;16;5,455.0
70_22,183,198,219;145;147;175;255;67;70;171;95;78;79;180;15;16;5,456.6666666666667
70_23,183,198,219;145;147;175;255;67;70;171;95;78;79;180;15;16;5,458.3333333333333
70_24,183,198,219;145;147;175;255;67;70;171;95;78;79;180;15;16;5,460.0
70_25,183,198,219;145;147;175;255;67;70;171;95;78;79;180;15;16;5,461.6666666666667
70_26,183,198,219;145;147;175;255;67;70;171;95;78;79;180;15;16;5,463.3333333333333
70_27,183,198,219;145;147;175;255;67;70;171;95;78;79;180;15;16;5,465.0
70_28,183,198,219;145;147;175;255;67;70;171;95;78;79;180;15;16;5,466.6666666666667
70_29,183,198,219;145;147;175;255;67;70;171;95;78;79;180;15;16;5,468.3333333333333
70_30,183,198,219;145;147;175;255;67;70;171;95;78;79;180;15;16;5,470.0
70_31,183,198,219;145;147;175;255;67;70;171;95;78;79;180;15;16;5,471.6666666666667
70_32,183,198,219;145;147;175;255;67;70;171;95;78;79;180;15;16;5,473.3333333333333
70_33,183,198,219;145;147;175;255;67;70;171;95;78;79;180;15;16;5,475.0
70_34,183,198,219;145;147;175;255;67;70;171;95;78;79;180;15;16;5,476.6666666666667
70_35,183,198,219;145;147;175;255;67;70;171;95;78;79;180;15;16;5,478.3333333333333
71_0,183,200,219;145;147;175;256;73;179;20;22;232;230;24;229;227;228;244;116;124;126;265;62;235,420.0
71_1,183,200,219;145;147;175;256;73;179;20;22;232;230;24;229;227;228;244;116;124;126;265;62;235,422.85714285714283
71_2,183,200,219;145;147;175;256;73;179;20;22;232;230;24;229;227;228;244;116;124;126;265;62;235,425.7142857142857
71_3,183,200,219;145;147;175;256;73;179;20;22;232;230;24;229;227;228;244;116;124;126;265;62;235,428.57142857142856
71_4,183,200,219;145;147;175;256;73;179;20;22;232;230;24;229;227;228;244;116;124;126;265;62;235,431.42857142857144
71_5,183,200,219;145;147;175;256;73;179;20;22;232;230;24;229;227;228;244;116;124;126;265;62;235,434.2857142857143
71_6,183,200,219;145;147;175;256;73;179;20;22;232;230;24;229;227;228;244;116;124;126;265;62;235,437.14285714285717
71_7,183,200,219;145;147;175;256;73;179;20;22;232;230;24;229;227;228;244;116;124;126;265;62;235,440.0
71_8,183,200,219;145;147;175;256;73;179;20;22;232;230;24;229;227;228;244;116;124;126;265;62;235,442.85714285714283
71_9,183,200,219;145;147;175;256;73;179;20;22;232;230;24;229;227;228;244;116;124;126;265;62;235,445.7142857142857
71_10,183,200,219;145;147;175;256;73;179;20;22;232;230;24;229;227;228;244;116;124;126;265;62;235,448.57142857142856
71_11,183,200,219;145;147;175;256;73;179;20;22;232;230;24;229;227;228;244;116;124;126;265;62;235,451.42857142857144
71_12,183,200,219;145;147;175;256;73;179;20;22;232;230;24;229;227;228;244;116;124;126;265;62;235,454.2857142857143
71_13,183,200,219;145;147;175;256;73;179;20;22;232;230;24;229;227;228;244;116;124;126;265;62;235,457.14285714285717
71_14,183,200,219;145;147;175;256;73;179;20;22;232;230;24;229;227;228;244;116;124;126;265;62;235,460.0
71_15,183,200,219;145;147;175;256;73;179;20;22;232;230;24;229;227;228;244;116;124;126;265;62;235,462.8571428571429
71_16,183,200,219;145;147;175;256;73;179;20;22;232;230;24;229;227;228;244;116;124;126;265;62;235,465.7142857142857
71_17,183,200,219;145;147;175;256;73;179;20;22;232;230;24;229;227;228;244;116;124;126;265;62;235,468.57142857142856
71_18,183,200,219;145;147;175;256;73;179;20;22;232;230;24;229;227;228;244;116;124;126;265;62;235,471.42857142857144
71_19,183,200,219;145;147;175;256;73;179;20;22;232;230;24;229;227;228;244;116;124;126;265;62;235,474.2857142857143
71_20,183,200,219;145;147;175;256;73;179;20;22;232;230;24;229;227;228;244;116;124;126;265;62;235,477.1428571428571
72_0,183,211,219;145;147;175;256;73;179;20;22;232;230;23;25;250;189;140;200,420.0
72_1,183,211,219;145;147;175;256;73;179;20;22;232;230;23;25;250;189;140;200,421.93548387096774
72_2,183,211,219;145;147;175;256;73;179;20;22;232;230;23;25;250;189;140;200,423.8709677419355
72_3,183,211,219;145;147;175;256;73;179;20;22;232;230;23;25;250;189;140;200,425.80645161290323
72_4,183,211,219;145;147;175;256;73;179;20;22;232;230;23;25;250;189;140;200,427.741935483871
72_5,183,211,219;145;147;175;256;73;179;20;22;232;230;23;25;250;189;140;200,429.6774193548387
72_6,183,211,219;145;147;175;256;73;179;20;22;232;230;23;25;250;189;140;200,431.61290322580646
72_7,183,211,219;145;147;175;256;73;179;20;22;232;230;23;25;250;189;140;200,433.5483870967742
72_8,183,211,219;145;147;175;256;73;179;20;22;232;230;23;25;250;189;140;200,435.48387096774195
72_9,183,211,219;145;147;175;256;73;179;20;22;232;230;23;25;250;189;140;200,437.4193548387097
72_10,183,211,219;145;147;175;256;73;179;20;22;232;230;23;25;250;189;140;200,439.35483870967744
72_11,183,211,219;145;147;175;256;73;179;20;22;232;230;23;25;250;189;140;200,441.2903225806452
72_12,183,211,219;145;147;175;256;73;179;20;22;232;230;23;25;250;189;140;200,443.2258064516129
72_13,183,211,219;145;147;175;256;73;179;20;22;232;230;23;25;250;189;140;200,445.16129032258067
72_14,183,211,219;145;147;175;256;73;179;20;22;232;230;23;25;250;189;140;200,447.0967741935484
72_15,183,211,219;145;147;175;256;73;179;20;22;232;230;23;25;250;189;140;200,449.0322580645161
72_16,183,211,219;145;147;175;256;73;179;20;22;232;230;23;25;250;189;140;200,450.9677419354839
72_17,183,211,219;145;147;175;256;73;179;20;22;232;230;23;25;250;189;140;200,452.9032258064516
72_18,183,211,219;145;147;175;256;73;179;20;22;232;230;23;25;250;189;140;200,454.8387096774194
72_19,183,211,219;145;147;175;256;73;179;20;22;232;230;23;25;250;189;140;200,456.7741935483871
72_20,183,211,219;145;147;175;256;73;179;20;22;232;230;23;25;250;189;140;200,458.7096774193548
72_21,183,211,219;145;147;175;256;73;179;20;22;232;230;23;25;250;189;140;200,460.64516129032256
72_22,183,211,219;145;147;175;256;73;179;20;22;232;230;23;25;250;189;140;200,462.5806451612903
72_23,183,211,219;145;147;175;256;73;179;20;22;232;230;23;25;250;189;140;200,464.51612903225805
72_24,183,211,219;145;147;175;256;73;179;20;22;232;230;23;25;250;189;140;200,466.4516129032258
72_25,183,211,219;145;147;175;256;73;179;20;22;232;230;23;25;250;189;140;200,468.38709677419354
72_26,183,211,219;145;147;175;256;73;179;20;22;232;230;23;25;250;189;140;200,470.3225806451613
72_27,183,211,219;145;147;175;256;73;179;20;22;232;230;23;25;250;189;140;200,472.258064516129
72_28,183,211,219;145;147;175;256;73;179;20;22;232;230;23;25;250;189;140;200,474.19354838709677
72_29,183,211,219;145;147;175;256;73;179;20;22;232;230;23;25;250;189;140;200,476.1290322580645
72_30,183,211,219;145;147;175;256;73;179;20;22;232;230;23;25;250;189;140;200,478.06451612903226
73_0,183,217,219;145;147;175;256;73;179;20;22;232;230;24;229;227;228;244;116;124;126;266;122;123;260;120;212;208;206;205,420.0
73_1,183,217,219;145;147;175;256;73;179;20;22;232;230;24;229;227;228;244;116;124;126;266;122;123;260;120;212;208;206;205,423.75
73_2,183,217,219;145;147;175;256;73;179;20;22;232;230;24;229;227;228;244;116;124;126;266;122;123;260;120;212;208;206;205,427.5
73_3,183,217,219;145;147;175;256;73;179;20;22;232;230;24;229;227;228;244;116;124;126;266;122;123;260;120;212;208;206;205,431.25
73_4,183,217,219;145;147;175;256;73;179;20;22;232;230;24;229;227;228;244;116;124;126;266;122;123;260;120;212;208;206;205,435.0
73_5,183,217,219;145;147;175;256;73;179;20;22;232;230;24;229;227;228;244;116;124;126;266;122;123;260;120;212;208;206;205,438.75
73_6,183,217,219;145;147;175;256;73;179;20;22;232;230;24;229;227;228;244;116;124;126;266;122;123;260;120;212;208;206;205,442.5
73_7,183,217,219;145;147;175;256;73;179;20;22;232;230;24;229;227;228;244;116;124;126;266;122;123;260;120;212;208;206;205,446.25
73_8,183,217,219;145;147;175;256;73;179;20;22;232;230;24;229;227;228;244;116;124;126;266;122;123;260;120;212;208;206;205,450.0
73_9,183,217,219;145;147;175;256;73;179;20;22;232;230;24;229;227;228;244;116;124;126;266;122;123;260;120;212;208;206;205,453.75
73_10,183,217,219;145;147;175;256;73;179;20;22;232;230;24;229;227;228;244;116;124;126;266;122;123;260;120;212;208;206;205,457.5
73_11,183,217,219;145;147;175;256;73;179;20;22;232;230;24;229;227;228;244;116;124;126;266;122;123;260;120;212;208;206;205,461.25
73_12,183,217,219;145;147;175;256;73;179;20;22;232;230;24;229;227;228;244;116;124;126;266;122;123;260;120;212;208;206;205,465.0
73_13,183,217,219;145;147;175;256;73;179;20;22;232;230;24;229;227;228;244;116;124;126;266;122;123;260;120;212;208;206;205,468.75
73_14,183,217,219;145;147;175;256;73;179;20;22;232;230;24;229;227;228;244;116;124;126;266;122;123;260;120;212;208;206;205,472.5
73_15,183,217,219;145;147;175;256;73;179;20;22;232;230;24;229;227;228;244;116;124;126;266;122;123;260;120;212;208;206;205,476.25
74_0,185,46,221;114;56;57;141;161;165;166;106;149;150;159;142;144;160;158;151;152;164;163;29;162;55;32;33;58,420.0
74_1,185,46,221;114;56;57;141;161;165;166;106;149;150;159;142;144;160;158;151;152;164;163;29;162;55;32;33;58,422.14285714285717
74_2,185,46,221;114;56;57;141;161;165;166;106;149;150;159;142;144;160;158;151;152;164;163;29;162;55;32;33;58,424.2857142857143
74_3,185,46,221;114;56;57;141;161;165;166;106;149;150;159;142;144;160;158;151;152;164;163;29;162;55;32;33;58,426.42857142857144
74_4,185,46,221;114;56;57;141;161;165;166;106;149;150;159;142;144;160;158;151;152;164;163;29;162;55;32;33;58,428.57142857142856
74_5,185,46,221;114;56;57;141;161;165;166;106;149;150;159;142;144;160;158;151;152;164;163;29;162;55;32;33;58,430.7142857142857
74_6,185,46,221;114;56;57;141;161;165;166;106;149;150;159;142;144;160;158;151;152;164;163;29;162;55;32;33;58,432.85714285714283
74_7,185,46,221;114;56;57;141;161;165;166;106;149;150;159;142;144;160;158;151;152;164;163;29;162;55;32;33;58,435.0
74_8,185,46,221;114;56;57;141;161;165;166;106;149;150;159;142;144;160;158;151;152;164;163;29;162;55;32;33;58,437.14285714285717
74_9,185,46,221;114;56;57;141;161;165;166;106;149;150;159;142;144;160;158;151;152;164;163;29;162;55;32;33;58,439.2857142857143
74_10,185,46,221;114;56;57;141;161;165;166;106;149;150;159;142;144;160;158;151;152;164;163;29;162;55;32;33;58,441.42857142857144
74_11,185,46,221;114;56;57;141;161;165;166;106;149;150;159;142;144;160;158;151;152;164;163;29;162;55;32;33;58,443.57142857142856
74_12,185,46,221;114;56;57;141;161;165;166;106;149;150;159;142;144;160;158;151;152;164;163;29;162;55;32;33;58,445.7142857142857
74_13,185,46,221;114;56;57;141;161;165;166;106;149;150;159;142;144;160;158;151;152;164;163;29;162;55;32;33;58,447.85714285714283
74_14,185,46,221;114;56;57;141;161;165;166;106;149;150;159;142;144;160;158;151;152;164;163;29;162;55;32;33;58,450.0
74_15,185,46,221;114;56;57;141;161;165;166;106;149;150;159;142;144;160;158;151;152;164;163;29;162;55;32;33;58,452.1428571428571
74_16,185,46,221;114;56;57;141;161;165;166;106;149;150;159;142;144;160;158;151;152;164;163;29;162;55;32;33;58,454.2857142857143
74_17,185,46,221;114;56;57;141;161;165;166;106;149;150;159;142;144;160;158;151;152;164;163;29;162;55;32;33;58,456.42857142857144
74_18,185,46,221;114;56;57;141;161;165;166;106;149;150;159;142;144;160;158;151;152;164;163;29;162;55;32;33;58,458.57142857142856
74_19,185,46,221;114;56;57;141;161;165;166;106;149;150;159;142;144;160;158;151;152;164;163;29;162;55;32;33;58,460.7142857142857
74_20,185,46,221;114;56;57;141;161;165;166;106;149;150;159;142;144;160;158;151;152;164;163;29;162;55;32;33;58,462.8571428571429
74_21,185,46,221;114;56;57;141;161;165;166;106;149;150;159;142;144;160;158;151;152;164;163;29;162;55;32;33;58,465.0
74_22,185,46,221;114;56;57;141;161;165;166;106;149;150;159;142;144;160;158;151;152;164;163;29;162;55;32;33;58,467.1428571428571
74_23,185,46,221;114;56;57;141;161;165;166;106;149;150;159;142;144;160;158;151;152;164;163;29;162;55;32;33;58,469.2857142857143
74_24,185,46,221;114;56;57;141;161;165;166;106;149;150;159;142;144;160;158;151;152;164;163;29;162;55;32;33;58,471.42857142857144
74_25,185,46,221;114;56;57;141;161;165;166;106;149;150;159;142;144;160;158;151;152;164;163;29;162;55;32;33;58,473.57142857142856
74_26,185,46,221;114;56;57;141;161;165;166;106;149;150;159;142;144;160;158;151;152;164;163;29;162;55;32;33;58,475.7142857142857
74_27,185,46,221;114;56;57;141;161;165;166;106;149;150;159;142;144;160;158;151;152;164;163;29;162;55;32;33;58,477.8571428571429
75_0,185,85,221;114;56;57;141;161;165;166;105,420.0
75_1,185,85,221;114;56;57;141;161;165;166;105,420.63829787234044
75_2,185,85,221;114;56;57;141;161;165;166;105,421.27659574468083
75_3,185,85,221;114;56;57;141;161;165;166;105,421.9148936170213
75_4,185,85,221;114;56;57;141;161;165;166;105,422.5531914893617
75_5,185,85,221;114;56;57;141;161;165;166;105,423.1914893617021
75_6,185,85,221;114;56;57;141;161;165;166;105,423.82978723404256
75_7,185,85,221;114;56;57;141;161;165;166;105,424.468085106383
75_8,185,85,221;114;56;57;141;161;165;166;105,425.1063829787234
75_9,185,85,221;114;56;57;141;161;165;166;105,425.74468085106383
75_10,185,85,221;114;56;57;141;161;165;166;105,426.3829787234043
75_11,185,85,221;114;56;57;141;161;165;166;105,427.02127659574467
75_12,185,85,221;114;56;57;141;161;165;166;105,427.6595744680851
75_13,185,85,221;114;56;57;141;161;165;166;105,428.29787234042556
75_14,185,85,221;114;56;57;141;161;165;166;105,428.93617021276594
75_15,185,85,221;114;56;57;141;161;165;166;105,429.5744680851064
75_16,185,85,221;114;56;57;141;161;165;166;105,430.21276595744683
75_17,185,85,221;114;56;57;141;161;165;166;105,430.8510638297872
75_18,185,85,221;114;56;57;141;161;165;166;105,431.48936170212767
75_19,185,85,221;114;56;57;141;161;165;166;105,432.1276595744681
75_20,185,85,221;114;56;57;141;161;165;166;105,432.7659574468085
75_21,185,85,221;114;56;57;141;161;165;166;105,433.40425531914894
75_22,185,85,221;114;56;57;141;161;165;166;105,434.04255319148933
75_23,185,85,221;114;56;57;141;161;165;166;105,434.6808510638298
75_24,185,85,221;114;56;57;141;161;165;166;105,435.3191489361702
75_25,185,85,221;114;56;57;141;161;165;166;105,435.95744680851067
75_26,185,85,221;114;56;57;141;161;165;166;105,436.59574468085106
75_27,185,85,221;114;56;57;141;161;165;166;105,437.2340425531915
75_28,185,85,221;114;56;57;141;161;165;166;105,437.8723404255319
75_29,185,85,221;114;56;57;141;161;165;166;105,438.51063829787233
75_30,185,85,221;114;56;57;141;161;165;166;105,439.1489361702128
75_31,185,85,221;114;56;57;141;161;165;166;105,439.78723404255317
75_32,185,85,221;114;56;57;141;161;165;166;105,440.4255319148936
75_33,185,85,221;114;56;57;141;161;165;166;105,441.06382978723406
75_34,185,85,221;114;56;57;141;161;165;166;105,441.70212765957444
75_35,185,85,221;114;56;57;141;161;165;166;105,442.3404255319149
75_36,185,85,221;114;56;57;141;161;165;166;105,442.97872340425533
75_37,185,85,221;114;56;57;141;161;165;166;105,443.6170212765957
75_38,185,85,221;114;56;57;141;161;165;166;105,444.25531914893617
75_39,185,85,221;114;56;57;141;161;165;166;105,444.8936170212766
75_40,185,85,221;114;56;57;141;161;165;166;105,445.531914893617
75_41,185,85,221;114;56;57;141;161;165;166;105,446.17021276595744
75_42,185,85,221;114;56;57;141;161;165;166;105,446.8085106382979
75_43,185,85,221;114;56;57;141;161;165;166;105,447.4468085106383
75_44,185,85,221;114;56;57;141;161;165;166;105,448.0851063829787
75_45,185,85,221;114;56;57;141;161;165;166;105,448.72340425531917
75_46,185,85,221;114;56;57;141;161;165;166;105,449.36170212765956
75_47,185,85,221;114;56;57;141;161;165;166;105,450.0
75_48,185,85,221;114;56;57;141;161;165;166;105,450.63829787234044
75_49,185,85,221;114;56;57;141;161;165;166;105,451.27659574468083
75_50,185,85,221;114;56;57;141;161;165;166;105,451.9148936170213
75_51,185,85,221;114;56;57;141;161;165;166;105,452.5531914893617
75_52,185,85,221;114;56;57;141;161;165;166;105,453.1914893617021
75_53,185,85,221;114;56;57;141;161;165;166;105,453.82978723404256
75_54,185,85,221;114;56;57;141;161;165;166;105,454.468085106383
75_55,185,85,221;114;56;57;141;161;165;166;105,455.1063829787234
75_56,185,85,221;114;56;57;141;161;165;166;105,455.74468085106383
75_57,185,85,221;114;56;57;141;161;165;166;105,456.3829787234043
75_58,185,85,221;114;56;57;141;161;165;166;105,457.02127659574467
75_59,185,85,221;114;56;57;141;161;165;166;105,457.6595744680851
75_60,185,85,221;114;56;57;141;161;165;166;105,458.29787234042556
75_61,185,85,221;114;56;57;141;161;165;166;105,458.93617021276594
75_62,185,85,221;114;56;57;141;161;165;166;105,459.5744680851064
75_63,185,85,221;114;56;57;141;161;165;166;105,460.21276595744683
75_64,185,85,221;114;56;57;141;161;165;166;105,460.8510638297872
75_65,185,85,221;114;56;57;141;161;165;166;105,461.48936170212767
75_66,185,85,221;114;56;57;141;161;165;166;105,462.1276595744681
75_67,185,85,221;114;56;57;141;161;165;166;105,462.7659574468085
75_68,185,85,221;114;56;57;141;161;165;166;105,463.40425531914894
75_69,185,85,221;114;56;57;141;161;165;166;105,464.04255319148933
75_70,185,85,221;114;56;57;141;161;165;166;105,464.6808510638298
75_71,185,85,221;114;56;57;141;161;165;166;105,465.3191489361702
75_72,185,85,221;114;56;57;141;161;165;166;105,465.95744680851067
75_73,185,85,221;114;56;57;141;161;165;166;105,466.59574468085106
75_74,185,85,221;114;56;57;141;161;165;166;105,467.2340425531915
75_75,185,85,221;114;56;57;141;161;165;166;105,467.8723404255319
75_76,185,85,221;114;56;57;141;161;165;166;105,468.51063829787233
75_77,185,85,221;114;56;57;141;161;165;166;105,469.1489361702128
75_78,185,85,221;114;56;57;141;161;165;166;105,469.78723404255317
75_79,185,85,221;114;56;57;141;161;165;166;105,470.4255319148936
75_80,185,85,221;114;56;57;141;161;165;166;105,471.06382978723406
75_81,185,85,221;114;56;57;141;161;165;166;105,471.70212765957444
75_82,185,85,221;114;56;57;141;161;165;166;105,472.3404255319149
75_83,185,85,221;114;56;57;141;161;165;166;105,472.97872340425533
75_84,185,85,221;114;56;57;141;161;165;166;105,473.6170212765957
75_85,185,85,221;114;56;57;141;161;165;166;105,474.25531914893617
75_86,185,85,221;114;56;57;141;161;165;166;105,474.8936170212766
75_87,185,85,221;114;56;57;141;161;165;166;105,475.531914893617
75_88,185,85,221;114;56;57;141;161;165;166;105,476.17021276595744
75_89,185,85,221;114;56;57;141;161;165;166;105,476.8085106382979
75_90,185,85,221;114;56;57;141;161;165;166;105,477.4468085106383
75_91,185,85,221;114;56;57;141;161;165;166;105,478.0851063829787
75_92,185,85,221;114;56;57;141;161;165;166;105,478.72340425531917
75_93,185,85,221;114;56;57;141;161;165;166;105,479.36170212765956
88_0,200,3,236;234;61;210;266;122;123;258;6;8;222;223;245;18;54;27;231;2;16;4,420.0
88_1,200,3,236;234;61;210;266;122;123;258;6;8;222;223;245;18;54;27;231;2;16;4,428.57142857142856
88_2,200,3,236;234;61;210;266;122;123;258;6;8;222;223;245;18;54;27;231;2;16;4,437.14285714285717
88_3,200,3,236;234;61;210;266;122;123;258;6;8;222;223;245;18;54;27;231;2;16;4,445.7142857142857
88_4,200,3,236;234;61;210;266;122;123;258;6;8;222;223;245;18;54;27;231;2;16;4,454.2857142857143
88_5,200,3,236;234;61;210;266;122;123;258;6;8;222;223;245;18;54;27;231;2;16;4,462.8571428571429
88_6,200,3,236;234;61;210;266;122;123;258;6;8;222;223;245;18;54;27;231;2;16;4,471.42857142857144
89_0,200,37,236;234;61;210;264;47;44;45;39;49,420.0
89_1,200,37,236;234;61;210;264;47;44;45;39;49,423.75
89_2,200,37,236;234;61;210;264;47;44;45;39;49,427.5
89_3,200,37,236;234;61;210;264;47;44;45;39;49,431.25
89_4,200,37,236;234;61;210;264;47;44;45;39;49,435.0
89_5,200,37,236;234;61;210;264;47;44;45;39;49,438.75
89_6,200,37,236;234;61;210;264;47;44;45;39;49,442.5
89_7,200,37,236;234;61;210;264;47;44;45;39;49,446.25
89_8,200,37,236;234;61;210;264;47;44;45;39;49,450.0
89_9,200,37,236;234;61;210;264;47;44;45;39;49,453.75
89_10,200,37,236;234;61;210;264;47;44;45;39;49,457.5
89_11,200,37,236;234;61;210;264;47;44;45;39;49,461.25
89_12,200,37,236;234;61;210;264;47;44;45;39;49,465.0
89_13,200,37,236;234;61;210;264;47;44;45;39;49,468.75
89_14,200,37,236;234;61;210;264;47;44;45;39;49,472.5
89_15,200,37,236;234;61;210;264;47;44;45;39;49,476.25
90_0,200,93,236;234;61;210;264;47;44;45;39;50,420.0
90_1,200,93,236;234;61;210;264;47;44;45;39;50,423.75
90_2,200,93,236;234;61;210;264;47;44;45;39;50,427.5
90_3,200,93,236;234;61;210;264;47;44;45;39;50,431.25
90_4,200,93,236;234;61;210;264;47;44;45;39;50,435.0
90_5,200,93,236;234;61;210;264;47;44;45;39;50,438.75
90_6,200,93,236;234;61;210;264;47;44;45;39;50,442.5
90_7,200,93,236;234;61;210;264;47;44;45;39;50,446.25
90_8,200,93,236;234;61;210;264;47;44;45;39;50,450.0
90_9,200,93,236;234;61;210;264;47;44;45;39;50,453.75
90_10,200,93,236;234;61;210;264;47;44;45;39;50,457.5
90_11,200,93,236;234;61;210;264;47;44;45;39;50,461.25
90_12,200,93,236;234;61;210;264;47;44;45;39;50,465.0
90_13,200,93,236;234;61;210;264;47;44;45;39;50,468.75
90_14,200,93,236;234;61;210;264;47;44;45;39;50,472.5
90_15,200,93,236;234;61;210;264;47;44;45;39;50,476.25
91_0,200,103,236;234;61;210;266;122;123;258;6;8;222;223;245;17;19;220;186;187;112;113;192;194;198;195;99;98;104;102,420.0
91_1,200,103,236;234;61;210;266;122;123;258;6;8;222;223;245;17;19;220;186;187;112;113;192;194;198;195;99;98;104;102,432.0
91_2,200,103,236;234;61;210;266;122;123;258;6;8;222;223;245;17;19;220;186;187;112;113;192;194;198;195;99;98;104;102,444.0
91_3,200,103,236;234;61;210;266;122;123;258;6;8;222;223;245;17;19;220;186;187;112;113;192;194;198;195;99;98;104;102,456.0
91_4,200,103,236;234;61;210;266;122;123;258;6;8;222;223;245;17;19;220;186;187;112;113;192;194;198;195;99;98;104;102,468.0
92_0,200,107,236;234;61;210;266;122;123;258;6;8;222;223;245;18;54;27;231;1;3;85;87;88;254;262;79;181;182;127,420.0
92_1,200,107,236;234;61;210;266;122;123;258;6;8;222;223;245;18;54;27;231;1;3;85;87;88;254;262;79;181;182;127,435.0
92_2,200,107,236;234;61;210;266;122;123;258;6;8;222;223;245;18;54;27;231;1;3;85;87;88;254;262;79;181;182;127,450.0
92_3,200,107,236;234;61;210;266;122;123;258;6;8;222;223;245;18;54;27;231;1;3;85;87;88;254;262;79;181;182;127,465.0
93_0,200,157,236;234;61;210;266;122;123;258;6;8;222;223;245;18;54;27;231;1;3;85;87;88;254;263;80;174;82;218;215;184,420.0
93_1,200,157,236;234;61;210;266;122;123;258;6;8;222;223;245;18;54;27;231;1;3;85;87;88;254;263;80;174;82;218;215;184,435.0
93_2,200,157,236;234;61;210;266;122;123;258;6;8;222;223;245;18;54;27;231;1;3;85;87;88;254;263;80;174;82;218;215;184,450.0
93_3,200,157,236;234;61;210;266;122;123;258;6;8;222;223;245;18;54;27;231;1;3;85;87;88;254;263;80;174;82;218;215;184,465.0
94_0,200,171,236;234;61;210;264;47;44;45;38;40;201,420.0
94_1,200,171,236;234;61;210;264;47;44;45;38;40;201,424.0
94_2,200,171,236;234;61;210;264;47;44;45;38;40;201,428.0
94_3,200,171,236;234;61;210;264;47;44;45;38;40;201,432.0
94_4,200,171,236;234;61;210;264;47;44;45;38;40;201,436.0
94_5,200,171,236;234;61;210;264;47;44;45;38;40;201,440.0
94_6,200,171,236;234;61;210;264;47;44;45;38;40;201,444.0
94_7,200,171,236;234;61;210;264;47;44;45;38;40;201,448.0
94_8,200,171,236;234;61;210;264;47;44;45;38;40;201,452.0
94_9,200,171,236;234;61;210;264;47;44;45;38;40;201,456.0
94_10,200,171,236;234;61;210;264;47;44;45;38;40;201,460.0
94_11,200,171,236;234;61;210;264;47;44;45;38;40;201,464.0
94_12,200,171,236;234;61;210;264;47;44;45;38;40;201,468.0
94_13,200,171,236;234;61;210;264;47;44;45;38;40;201,472.0
94_14,200,171,236;234;61;210;264;47;44;45;38;40;201,476.0
95_0,200,183,236;234;61;210;266;122;123;258;6;8;222;223;245;18;54;27;231;1;3;85;87;88;253;173;71;257;84;146,420.0
95_1,200,183,236;234;61;210;266;122;123;258;6;8;222;223;245;18;54;27;231;1;3;85;87;88;253;173;71;257;84;146,432.0
95_2,200,183,236;234;61;210;266;122;123;258;6;8;222;223;245;18;54;27;231;1;3;85;87;88;253;173;71;257;84;146,444.0
95_3,200,183,236;234;61;210;266;122;123;258;6;8;222;223;245;18;54;27;231;1;3;85;87;88;253;173;71;257;84;146,456.0
95_4,200,183,236;234;61;210;266;122;123;258;6;8;222;223;245;18;54;27;231;1;3;85;87;88;253;173;71;257;84;146,468.0
96_0,200,198,236;234;61;210;266;122;123;258;6;8;222;223;245;18;54;27;231;2;16;5,420.0
96_1,200,198,236;234;61;210;266;122;123;258;6;8;222;223;245;18;54;27;231;2;16;5,428.57142857142856
96_2,200,198,236;234;61;210;266;122;123;258;6;8;222;223;245;18;54;27;231;2;16;5,437.14285714285717
96_3,200,198,236;234;61;210;266;122;123;258;6;8;222;223;245;18;54;27;231;2;16;5,445.7142857142857
96_4,200,198,236;234;61;210;266;122;123;258;6;8;222;223;245;18;54;27;231;2;16;5,454.2857142857143
96_5,200,198,236;234;61;210;266;122;123;258;6;8;222;223;245;18;54;27;231;2;16;5,462.8571428571429
96_6,200,198,236;234;61;210;266;122;123;258;6;8;222;223;245;18;54;27;231;2;16;5,471.42857142857144
97_0,200,211,236;234;61;210;266;122;123;258;6;8;222;223;245;17;19;220;186;188;131;108;109;190;140;200,420.0
97_1,200,211,236;234;61;210;266;122;123;258;6;8;222;223;245;17;19;220;186;188;131;108;109;190;140;200,430.0
97_2,200,211,236;234;61;210;266;122;123;258;6;8;222;223;245;17;19;220;186;188;131;108;109;190;140;200,440.0
97_3,200,211,236;234;61;210;266;122;123;258;6;8;222;223;245;17;19;220;186;188;131;108;109;190;140;200,450.0
97_4,200,211,236;234;61;210;266;122;123;258;6;8;222;223;245;17;19;220;186;188;131;108;109;190;140;200,460.0
97_5,200,211,236;234;61;210;266;122;123;258;6;8;222;223;245;17;19;220;186;188;131;108;109;190;140;200,470.0
98_0,200,217,236;234;61;210;266;122;123;260;120;212;208;206;205,420.0
98_1,200,217,236;234;61;210;266;122;123;260;120;212;208;206;205,424.61538461538464
98_2,200,217,236;234;61;210;266;122;123;260;120;212;208;206;205,429.2307692307692
98_3,200,217,236;234;61;210;266;122;123;260;120;212;208;206;205,433.84615384615387
98_4,200,217,236;234;61;210;266;122;123;260;120;212;208;206;205,438.46153846153845
98_5,200,217,236;234;61;210;266;122;123;260;120;212;208;206;205,443.0769230769231
98_6,200,217,236;234;61;210;266;122;123;260;120;212;208;206;205,447.6923076923077
98_7,200,217,236;234;61;210;266;122;123;260;120;212;208;206;205,452.3076923076923
98_8,200,217,236;234;61;210;266;122;123;260;120;212;208;206;205,456.9230769230769
98_9,200,217,236;234;61;210;266;122;123;260;120;212;208;206;205,461.53846153846155
98_10,200,217,236;234;61;210;266;122;123;260;120;212;208;206;205,466.15384615384613
98_11,200,217,236;234;61;210;266;122;123;260;120;212;208;206;205,470.7692307692308
98_12,200,217,236;234;61;210;266;122;123;260;120;212;208;206;205,475.38461538461536
99_0,206,3,242;35;48;42;63;225;226;224;222;223;245;18;54;27;231;2;16;4,420.0
99_1,206,3,242;35;48;42;63;225;226;224;222;223;245;18;54;27;231;2;16;4,450.0
100_0,206,37,242;35;48;41;43;64;203;259;65;118;264;47;44;45;39;49,420.0
100_1,206,37,242;35;48;41;43;64;203;259;65;118;264;47;44;45;39;49,450.0
101_0,206,93,242;35;48;41;43;64;203;259;65;118;264;47;44;45;39;50,420.0
101_1,206,93,242;35;48;41;43;64;203;259;65;118;264;47;44;45;39;50,450.0
102_0,206,103,242;35;48;42;63;225;226;224;222;223;245;17;19;220;186;187;112;113;192;194;198;195;99;98;104;102,420.0
103_0,206,107,242;35;48;42;63;225;226;224;222;223;245;18;54;27;231;1;3;85;87;88;254;262;79;181;182;127,420.0
104_0,206,157,242;35;48;42;63;225;226;224;222;223;245;18;54;27;231;1;3;85;87;88;254;263;80;174;82;218;215;184,420.0
105_0,206,171,242;35;48;41;43;64;203;259;65;118;264;47;44;45;38;40;201,420.0
105_1,206,171,242;35;48;41;43;64;203;259;65;118;264;47;44;45;38;40;201,450.0
106_0,206,183,242;35;48;42;63;225;226;224;222;223;245;18;54;27;231;1;3;85;87;88;253;173;71;257;84;146,420.0
107_0,206,198,242;35;48;42;63;225;226;224;222;223;245;18;54;27;231;2;16;5,420.0
107_1,206,198,242;35;48;42;63;225;226;224;222;223;245;18;54;27;231;2;16;5,450.0
108_0,206,200,242;35;48;41;43;64;203;259;65;118;265;62;235,420.0
108_1,206,200,242;35;48;41;43;64;203;259;65;118;265;62;235,440.0
108_2,206,200,242;35;48;41;43;64;203;259;65;118;265;62;235,460.0
109_0,206,211,242;35;48;42;63;225;226;224;222;223;245;17;19;220;186;188;131;108;109;190;140;200,420.0
110_0,206,217,242;35;48;41;43;64;203;260;120;212;208;206;205,420.0
110_1,206,217,242;35;48;41;43;64;203;260;120;212;208;206;205,440.0
110_2,206,217,242;35;48;41;43;64;203;260;120;212;208;206;205,460.0
111_0,217,3,252;204;207;209;211;119;121;258;6;8;222;223;245;18;54;27;231;2;16;4,420.0
111_1,217,3,252;204;207;209;211;119;121;258;6;8;222;223;245;18;54;27;231;2;16;4,450.0
112_0,217,37,252;204;207;209;211;119;121;259;65;118;264;47;44;45;39;49,420.0
112_1,217,37,252;204;207;209;211;119;121;259;65;118;264;47;44;45;39;49,440.0
112_2,217,37,252;204;207;209;211;119;121;259;65;118;264;47;44;45;39;49,460.0
113_0,217,93,252;204;207;209;211;119;121;259;65;118;264;47;44;45;39;50,420.0
113_1,217,93,252;204;207;209;211;119;121;259;65;118;264;47;44;45;39;50,440.0
113_2,217,93,252;204;207;209;211;119;121;259;65;118;264;47;44;45;39;50,460.0
114_0,217,103,252;204;207;209;211;119;121;258;6;8;222;223;245;17;19;220;186;187;112;113;192;194;198;195;99;98;104;102,420.0
115_0,217,107,252;204;207;209;211;119;121;258;6;8;222;223;245;18;54;27;231;1;3;85;87;88;254;262;79;181;182;127,420.0
116_0,217,157,252;204;207;209;211;119;121;258;6;8;222;223;245;18;54;27;231;1;3;85;87;88;254;263;80;174;82;218;215;184,420.0
117_0,217,171,252;204;207;209;211;119;121;259;65;118;264;47;44;45;38;40;201,420.0
117_1,217,171,252;204;207;209;211;119;121;259;65;118;264;47;44;45;38;40;201,440.0
117_2,217,171,252;204;207;209;211;119;121;259;65;118;264;47;44;45;38;40;201,460.0
118_0,217,183,252;204;207;209;211;119;121;258;6;8;222;223;245;18;54;27;231;1;3;85;87;88;253;173;71;257;84;146,420.0
119_0,217,198,252;204;207;209;211;119;121;258;6;8;222;223;245;18;54;27;231;2;16;5,420.0
119_1,217,198,252;204;207;209;211;119;121;258;6;8;222;223;245;18;54;27;231;2;16;5,450.0
120_0,217,200,252;204;207;209;211;119;121;259;65;118;265;62;235,420.0
120_1,217,200,252;204;207;209;211;119;121;259;65;118;265;62;235,435.0
120_2,217,200,252;204;207;209;211;119;121;259;65;118;265;62;235,450.0
120_3,217,200,252;204;207;209;211;119;121;259;65;118;265;62;235,465.0
121_0,217,211,252;204;207;209;211;119;121;258;6;8;222;223;245;17;19;220;186;188;131;108;109;190;140;200,420.0
121_1,217,211,252;204;207;209;211;119;121;258;6;8;222;223;245;17;19;220;186;188;131;108;109;190;140;200,450.0
