link_id,name,osm_way_id,from_node_id,to_node_id,directed,geometry,dir_flag,length,facility_type,ref_volume,link_type,free_speed,free_speed_raw,lanes,capacity,allowed_uses,toll,notes
1,,5560963,0,1,1,"LINESTRING (-112.1125032 33.5055866, -112.1124028 33.5060297, -112.1123363 33.506536, -112.1123015 33.5068353, -112.1121581 33.5075875)",1,224.9,motorway,56.14172759,1,120,,1,2300,auto,,
2,Black Canyon Freeway,528432234,0,11,1,"LINESTRING (-112.1125032 33.5055866, -112.1123125 33.5092537, -112.1123109 33.5092984, -112.1122953 33.5099193, -112.1122665 33.5115322, -112.1122595 33.512011, -112.1122526 33.5124632, -112.1122483 33.5127541, -112.1122451 33.5129645, -112.1122451 33.5131367, -112.1122284 33.5136464)",1,896.66,motorway,60.52468183,1,105,65 mph,4,9200,auto,,
3,North Black Canyon Highway,531245168,1,71,1,"LINESTRING (-112.1121581 33.5075875, -112.1120421 33.5082836)",1,78.15,secondary,27.93232509,4,64,40 mph,3,4800,auto,,
4,,5561615,2,3,1,"LINESTRING (-112.112194 33.5203264, -112.1121157 33.5206666)",1,38.52,motorway,49.36255268,1,120,,1,2300,auto,,
5,Black Canyon Freeway,528432231,2,198,1,"LINESTRING (-112.112194 33.5203264, -112.1121951 33.5206666)",1,37.83,motorway,69.95715309,1,105,65 mph,4,9200,auto,,
6,,5563898,4,5,1,"LINESTRING (-112.112719 33.481918, -112.112758 33.4820181, -112.1128031 33.4824695, -112.1128309 33.4828179)",1,100.9,motorway,94.2822393,1,120,,2,4600,auto,,
7,North Black Canyon Highway,5665190,4,22,1,"LINESTRING (-112.112719 33.481918, -112.1126931 33.4820704, -112.1127087 33.4822621, -112.1127219 33.4824675, -112.112752 33.4828254, -112.1127722 33.4830356, -112.112779 33.4831251, -112.1128178 33.4836396, -112.1128325 33.4839216, -112.1128365 33.4841228, -112.1128363 33.4841695, -112.1128352 33.4844919, -112.1128323 33.4848098, -112.1128299 33.4850668, -112.112829 33.4853856, -112.1128283 33.4856415, -112.1128276 33.4858833, -112.1128267 33.4862024, -112.1128258 33.4865119, -112.1128044 33.4877311, -112.1128011 33.4885846, -112.1127973 33.4895429, -112.1127957 33.4899353, -112.1127955 33.4899871, -112.1127949 33.4900357)",1,903.26,secondary,62.6635949,4,64,40 mph,1,1600,auto,,
8,,767811648,5,186,1,"LINESTRING (-112.1128309 33.4828179, -112.1128634 33.483304, -112.1129148 33.4839204, -112.1129197 33.4846615, -112.1129698 33.4850703)",1,250.94,motorway,94.92833084,1,120,,1,2300,auto,,
9,,5564113,6,7,1,"LINESTRING (-112.1134364 33.4938391, -112.1133843 33.4935092, -112.1133366 33.4930735, -112.1133086 33.4926264)",1,135.43,motorway,39.79354143,1,120,,2,4600,auto,,
10,North Black Canyon Highway,537871213,6,207,1,"LINESTRING (-112.1134364 33.4938391, -112.1134453 33.4935089, -112.1134266 33.4932159, -112.1134172 33.4930693, -112.1134018 33.4928017, -112.1133913 33.4926204, -112.1133879 33.4925712, -112.113365 33.492238, -112.1133343 33.4917867, -112.1133283 33.4916984, -112.1133281 33.4912662, -112.1133281 33.491259, -112.1133277 33.490384, -112.1133279 33.4903152, -112.1133281 33.4901927, -112.1133282 33.4901632)",1,409.04,secondary,28.49268431,4,64,40 mph,1,1600,auto,,
11,,528363238,7,191,1,"LINESTRING (-112.1133086 33.4926264, -112.1132474 33.4916935, -112.1131559 33.4912598)",1,152.85,motorway,14.73819503,1,120,,1,2300,auto,,
12,,5564691,8,9,1,"LINESTRING (-112.112487 33.5136659, -112.1125455 33.5131524, -112.1125514 33.5129702, -112.1125683 33.5127532, -112.112598 33.5124602, -112.1126249 33.5120061, -112.1126354 33.5118285, -112.1126711 33.5115346, -112.1127401 33.5113271)",1,261.62,motorway,2.044484802,1,120,,1,2300,auto,,
13,Black Canyon Freeway,528438530,8,196,1,"LINESTRING (-112.112487 33.5136659, -112.1124619 33.5131501, -112.1124648 33.5129679, -112.1124683 33.5127535, -112.112473 33.5124613, -112.1124804 33.512008, -112.112488 33.5115336, -112.1125024 33.5097539, -112.1127235 33.5059947)",1,853.57,motorway,36.71019351,1,105,65 mph,4,9200,auto,,
14,North Black Canyon Highway,531245189,9,205,1,"LINESTRING (-112.1127401 33.5113271, -112.1127658 33.5110433)",1,31.65,secondary,52.61383723,4,64,40 mph,2,3200,auto,,
15,,5564692,10,11,1,"LINESTRING (-112.1121158 33.5120129, -112.1121322 33.5124642, -112.1121543 33.5127544, -112.1121714 33.5129634, -112.1121754 33.5131445, -112.1122284 33.5136464)",1,182,motorway,11.98768487,1,120,,1,2300,auto,,
16,Black Canyon Freeway,528432233,11,2,1,"LINESTRING (-112.1122284 33.5136464, -112.112194 33.5203264)",1,742.79,motorway,73.62247828,1,105,65 mph,5,11500,auto,,
17,,5565393,12,13,1,"LINESTRING (-112.1129732 33.4912605, -112.1128564 33.4916698, -112.1127777 33.4926288, -112.1127336 33.4930668, -112.1127025 33.4933188)",1,230.71,motorway,20.23983889,1,120,,1,2300,auto,,
18,Black Canyon Freeway,37438925,12,41,1,"LINESTRING (-112.1129732 33.4912605, -112.1129641 33.4916763, -112.1129554 33.4926273, -112.1129489 33.4930676, -112.1129423 33.4935113, -112.1129381 33.4938282, -112.1129199 33.4951937, -112.1128984 33.4968089, -112.1128919 33.4972986, -112.1128876 33.4976112, -112.1128726 33.498071)",1,757.36,motorway,65.94042545,1,105,65 mph,4,9200,auto,,
19,,987398108,13,184,1,"LINESTRING (-112.1127025 33.4933188, -112.1126875 33.4934539, -112.1126423 33.4935847)",1,30.22,motorway,60.37183726,1,120,,2,4600,auto,,
20,,5586435,14,15,1,"LINESTRING (-112.1128731 33.5078712, -112.1127958 33.5071896)",1,76.13,motorway,74.61884442,1,120,,2,4600,auto,,
21,North Black Canyon Highway,531245187,14,201,1,"LINESTRING (-112.1128731 33.5078712, -112.112871 33.5076919, -112.1128641 33.5073498, -112.1128611 33.5072008, -112.1128452 33.5067759, -112.1128742 33.5058874)",1,220.66,secondary,3.134279325,4,64,40 mph,1,1600,auto,,
22,,528429074,15,196,1,"LINESTRING (-112.1127958 33.5071896, -112.1127933 33.5065764, -112.1127942 33.5062371, -112.1127235 33.5059947)",1,133.65,motorway,34.76003895,1,120,,1,2300,auto,,
23,,5586947,16,17,1,"LINESTRING (-112.113058 33.4992841, -112.1131281 33.498748, -112.1131422 33.4985748, -112.1131795 33.4980742, -112.1132332 33.4976128, -112.1132621 33.4972974, -112.1133358 33.4968117, -112.1133594 33.4966399, -112.1134093 33.4964259)",1,319.67,motorway,21.16681477,1,120,,1,2300,auto,,
24,Black Canyon Freeway,528363240,16,193,1,"LINESTRING (-112.113058 33.4992841, -112.1130614 33.4986226, -112.1130583 33.4980725)",1,134.73,motorway,35.80422482,1,105,65 mph,4,9200,auto,,
25,North Black Canyon Highway,987702743,17,215,1,"LINESTRING (-112.1134093 33.4964259, -112.1134086 33.4962826, -112.1134156 33.49623, -112.1134304 33.496117, -112.1134492 33.4959791)",1,49.89,secondary,4.618748799,4,64,40 mph,3,4800,auto,,
26,,5586948,18,19,1,"LINESTRING (-112.112719 33.4972789, -112.1127366 33.4976106, -112.1127407 33.49807, -112.1127456 33.4986164, -112.1127598 33.4988445, -112.1128506 33.4993223)",1,227.95,motorway,38.47492648,1,120,,1,2300,auto,,
27,Black Canyon Freeway,528429073,19,195,1,"LINESTRING (-112.1128506 33.4993223, -112.1127588 33.5018249, -112.1125593 33.5047602)",1,605.32,motorway,46.54924333,1,105,65 mph,5,11500,auto,,
28,North 24th Drive,5663135,20,21,1,"LINESTRING (-112.1116 33.4758863, -112.1117222 33.47607, -112.1118239 33.4762028, -112.1118883 33.4763046, -112.111901 33.4763371, -112.1119245 33.4763974, -112.111943 33.4764779, -112.1119513 33.4765596, -112.111954 33.4766334, -112.1119381 33.4768305)",1,112.94,primary,24.57922443,3,80,,1,1800,auto,,
29,Grand Avenue,358567975,20,136,1,"LINESTRING (-112.1116 33.4758863, -112.1122937 33.4764873)",1,92.77,primary,13.00801309,3,72,45 mph,3,5400,auto,,
30,,358567974,21,136,1,"LINESTRING (-112.1119381 33.4768305, -112.1120519 33.4766383, -112.1121136 33.4765717, -112.1121675 33.4765321, -112.1121978 33.4765199, -112.1122201 33.4765109, -112.1122937 33.4764873)",1,52.59,primary,47.60070328,3,80,,1,1800,auto,,
31,North Black Canyon Highway,537871219,22,210,1,"LINESTRING (-112.1127949 33.4900357, -112.1127935 33.4901607)",1,13.9,secondary,39.24854643,4,64,40 mph,1,1600,auto,,
32,Grand Avenue,5666616,23,24,1,"LINESTRING (-112.1137011 33.4776663, -112.1143241 33.4782181)",1,84.28,primary,74.34394964,3,72,45 mph,3,5400,auto,,
33,Grand Avenue,340833863,24,45,1,"LINESTRING (-112.1143241 33.4782181, -112.1144072 33.4782953, -112.1145628 33.4784541, -112.114705 33.4786174, -112.1148381 33.4787818, -112.1149731 33.4789533, -112.1151111 33.4791471, -112.1152255 33.479323, -112.1153484 33.479506, -112.1154784 33.4797051, -112.1156244 33.4799197, -112.1157407 33.4800932)",1,247.04,primary,88.2099411,3,72,45 mph,3,5400,auto,,
34,,23717622,25,26,1,"LINESTRING (-112.1109288 33.4690736, -112.1111112 33.4694201, -112.1111791 33.4695516, -112.1113216 33.4697713)",1,85.78,motorway,60.87519269,1,120,,1,2300,auto,,
35,,32763240,26,35,1,"LINESTRING (-112.1113216 33.4697713, -112.1118867 33.4709169, -112.1121284 33.4714129, -112.1124714 33.472198)",1,290.2,motorway,91.5543186,1,120,,1,2300,auto,,
36,,23717622,27,25,1,"LINESTRING (-112.1104979 33.4683135, -112.1109288 33.4690736)",1,93.49,motorway,95.08448778,1,120,,1,2300,auto,,
37,North Black Canyon Highway,32736633,27,40,1,"LINESTRING (-112.1104979 33.4683135, -112.1110496 33.4695411, -112.1113165 33.4701096, -112.1114685 33.4704326, -112.1116234 33.470761, -112.1117127 33.4709537, -112.1117278 33.4709845, -112.1119088 33.4714025, -112.1119402 33.4714894, -112.1121137 33.4719696, -112.112347 33.4726148, -112.1125186 33.4732949)",1,585.66,secondary,45.57583926,4,64,40 mph,2,3200,auto,,
38,,23717626,28,29,1,"LINESTRING (-112.1124594 33.4713908, -112.1122784 33.4707133, -112.1121809 33.4703806, -112.1120998 33.4701505, -112.1120071 33.4699107, -112.1119509 33.4697811, -112.1117492 33.4693126, -112.1115652 33.4688502, -112.1114366 33.4685359, -112.1114148 33.4683804)",1,349.14,motorway,36.57826483,1,120,,1,2300,auto,,
39,Black Canyon Freeway,528363235,28,36,1,"LINESTRING (-112.1124594 33.4713908, -112.1117052 33.4697181, -112.1116178 33.4695242, -112.110757 33.4675609)",1,454.2,motorway,44.43488172,1,105,65 mph,5,11500,auto,,
40,North Black Canyon Highway,529407657,29,170,1,"LINESTRING (-112.1114148 33.4683804, -112.1111499 33.4677592)",1,73.31,secondary,12.94324087,4,64,40 mph,3,4800,auto,,
41,,23717633,30,31,1,"LINESTRING (-112.1129056 33.4741848, -112.1129097 33.4749263, -112.1128913 33.4754327, -112.1128757 33.4758485, -112.1128312 33.4765696)",1,265.33,motorway,21.7554942,1,120,,1,2300,auto,,
42,Black Canyon Freeway,51462963,30,51,1,"LINESTRING (-112.1129056 33.4741848, -112.1129524 33.4745608, -112.1129876 33.474924, -112.1130171 33.4753381, -112.1130294 33.4756782, -112.1130366 33.4763504, -112.1130423 33.4768924)",1,301.53,motorway,73.90477456,1,105,65 mph,5,11500,auto,,
43,North Black Canyon Highway,51462984,31,52,1,"LINESTRING (-112.1128312 33.4765696, -112.1127936 33.4771753, -112.1126668 33.4786088, -112.1126402 33.4789778)",1,268.38,trunk,80.71390157,2,64,40 mph,2,4400,auto,,
44,,23717638,32,33,1,"LINESTRING (-112.1134291 33.4760515, -112.1133803 33.4756664, -112.1133486 33.4752824, -112.1132996 33.47485, -112.1131458 33.4741694)",1,211.17,motorway,71.84589605,1,120,,1,2300,auto,,
45,Black Canyon Freeway,32736598,33,28,1,"LINESTRING (-112.1131458 33.4741694, -112.1130907 33.4738126, -112.1130467 33.4735468, -112.112995 33.4732972, -112.1128452 33.4726458, -112.1127686 33.4723387, -112.1126766 33.4720284, -112.1124594 33.4713908)",1,315.88,motorway,6.54602922,1,105,65 mph,5,11500,auto,,
46,North Black Canyon Highway,51462968,34,29,1,"LINESTRING (-112.113514 33.4768519, -112.1135221 33.4764379, -112.113512 33.4759643, -112.1135063 33.4756194, -112.1134873 33.4751789, -112.1134715 33.4748376, -112.1134716 33.4748144, -112.1134196 33.4743351, -112.1133606 33.4738385, -112.1132799 33.4733968, -112.1132202 33.4731538, -112.1130555 33.4724836, -112.1130426 33.472431, -112.1129842 33.4722205, -112.1128501 33.4717375, -112.1125255 33.4708586, -112.1123817 33.4704693, -112.1122172 33.4701026, -112.1121121 33.4698685, -112.1119755 33.469564, -112.1117616 33.4690835, -112.1116892 33.4689208, -112.1115055 33.468515, -112.1114148 33.4683804)",1,970.84,secondary,78.55038379,4,64,40 mph,2,3200,auto,,
47,,23717638,34,32,1,"LINESTRING (-112.113514 33.4768519, -112.1134291 33.4760515)",1,89.35,motorway,17.83041419,1,120,,1,2300,auto,,
48,Black Canyon Freeway,32736595,35,30,1,"LINESTRING (-112.1124714 33.472198, -112.1126087 33.4726941, -112.1127129 33.4731201, -112.1127869 33.4734747, -112.1128492 33.4738163, -112.1129056 33.4741848)",1,224.71,motorway,12.97008987,1,105,65 mph,6,13800,auto,,
49,,32736608,36,37,1,"LINESTRING (-112.110757 33.4675609, -112.1105718 33.467044)",1,59.99,motorway,94.68738467,1,88,55 mph,3,6900,auto,,
50,Black Canyon Freeway,119089366,36,93,1,"LINESTRING (-112.110757 33.4675609, -112.1104795 33.4670074)",1,66.71,motorway,19.06750361,1,105,65 mph,3,6900,auto,,
51,,32736622,38,39,1,"LINESTRING (-112.1103397 33.467239, -112.1104368 33.4674199, -112.1105305 33.4676078)",1,44.67,motorway,46.40088454,1,120,,2,4600,auto,,
52,Black Canyon Freeway,528363224,39,35,1,"LINESTRING (-112.1105305 33.4676078, -112.112026 33.4709401, -112.1121808 33.4713314, -112.1123358 33.4717696, -112.1124714 33.472198)",1,541.54,motorway,3.301823185,1,105,65 mph,5,11500,auto,,
53,North Black Canyon Highway,1331950709,40,202,1,"LINESTRING (-112.1125186 33.4732949, -112.1125704 33.4735914, -112.1126743 33.4741823, -112.1126907 33.4742792, -112.1127301 33.4745492)",1,140.85,secondary,64.86469733,4,64,40 mph,1,1600,auto,,
54,Black Canyon Freeway,1050972964,41,19,1,"LINESTRING (-112.1128726 33.498071, -112.1128725 33.4986189, -112.1128506 33.4993223)",1,139.16,motorway,44.4078515,1,105,65 mph,4,9200,auto,,
55,Grand Avenue,37439065,42,23,1,"LINESTRING (-112.1126326 33.47677, -112.1137011 33.4776663)",1,140.55,primary,59.9647898,3,72,45 mph,3,5400,auto,,
56,Grand Avenue,37439067,43,44,1,"LINESTRING (-112.1136664 33.4774946, -112.112634 33.4766283)",1,135.82,primary,79.34825893,3,72,45 mph,3,5400,auto,,
57,Grand Avenue,303135658,44,118,1,"LINESTRING (-112.112634 33.4766283, -112.1121575 33.4762151, -112.1114975 33.4756036, -112.1109237 33.4750996, -112.1103576 33.4746117)",1,308.03,primary,6.822974329,3,72,45 mph,3,5400,auto,,
58,Grand Avenue,51450553,45,46,1,"LINESTRING (-112.1157407 33.4800932, -112.1158831 33.4802948)",1,26.02,primary,47.99165542,3,72,45 mph,3,5400,auto,,
59,Grand Avenue,51450555,47,48,1,"LINESTRING (-112.1158519 33.4800257, -112.1157392 33.4798576, -112.115647 33.4797199, -112.1155487 33.4795733, -112.1153158 33.4792124, -112.1151438 33.4789569, -112.1150665 33.4788532, -112.1149732 33.4787304)",1,165.53,primary,64.15803497,3,72,45 mph,2,3600,auto,,
60,Grand Avenue,340833853,48,92,1,"LINESTRING (-112.1149732 33.4787304, -112.1148592 33.4786029, -112.1147009 33.4784273, -112.1145923 33.4783165, -112.1144501 33.4781767, -112.1143013 33.4780413, -112.1139862 33.4777627)",1,141.43,primary,64.19641291,3,72,45 mph,2,3600,auto,,
61,West Thomas Road,448023313,50,177,1,"LINESTRING (-112.1148176 33.4805126, -112.1146468 33.4804468, -112.1142674 33.4804603)",1,52.67,trunk,29.31533041,2,64,40 mph,3,6600,auto,,
62,West Thomas Road,528730335,50,199,1,"LINESTRING (-112.1148176 33.4805126, -112.115242 33.480491)",1,39.43,trunk,75.49826595,2,100,,3,6600,auto,,
63,Black Canyon Freeway,965873204,51,189,1,"LINESTRING (-112.1130423 33.4768924, -112.1130447 33.4774475)",1,61.72,motorway,1.319319699,1,105,65 mph,4,9200,auto,,
64,North Black Canyon Highway,529407655,52,173,1,"LINESTRING (-112.1126402 33.4789778, -112.1126217 33.4795932)",1,68.45,trunk,55.21284211,2,64,40 mph,3,6600,auto,,
65,West Thomas Road,129819997,54,96,1,"LINESTRING (-112.1127999 33.4806605, -112.1134535 33.480641)",1,60.66,trunk,64.2656636,2,56,35 mph,4,8800,auto,,
66,West Camelback Road,76695398,55,56,1,"LINESTRING (-112.1127298 33.5094179, -112.1124902 33.5094306)",1,22.26,primary,10.1092105,3,64,40 mph,3,5400,auto,,
67,,76695399,55,57,1,"LINESTRING (-112.1127298 33.5094179, -112.1124706 33.5095151)",1,26.35,primary,19.40840269,3,80,,2,3600,auto,,
68,,407188624,56,58,1,"LINESTRING (-112.1124902 33.5094306, -112.112628 33.5093273, -112.1127129 33.5092578, -112.1127993 33.5091364)",1,43.91,primary,79.17824767,3,80,,2,3600,auto,,
69,West Camelback Road,1046396974,56,218,1,"LINESTRING (-112.1124902 33.5094306, -112.112327 33.5094393)",1,15.16,primary,3.510336202,3,64,40 mph,3,5400,auto,,
70,,407188616,57,144,1,"LINESTRING (-112.1124706 33.5095151, -112.1123984 33.5095506)",1,7.77,primary,89.77684894,3,80,,2,3600,auto,,
71,,407188613,57,219,1,"LINESTRING (-112.1124706 33.5095151, -112.112744 33.5095816)",1,26.4,primary,77.3689877,3,80,,2,3600,auto,,
72,,76695401,58,59,1,"LINESTRING (-112.1127993 33.5091364, -112.1128596 33.5090245, -112.1128693 33.5089706, -112.1128962 33.5088633)",1,31.89,primary,64.21005366,3,80,,2,3600,auto,,
73,North Black Canyon Highway,407188898,59,154,1,"LINESTRING (-112.1128962 33.5088633, -112.1128932 33.5087637)",1,11.08,secondary,42.00325569,4,64,40 mph,3,4800,auto,,
74,,76695402,60,61,1,"LINESTRING (-112.1121042 33.5096125, -112.1123365 33.5095215)",1,23.8,primary,34.66069922,3,80,,2,3600,auto,,
75,West Camelback Road,76695413,60,79,1,"LINESTRING (-112.1121042 33.5096125, -112.1123292 33.5095933)",1,20.97,primary,19.72913627,3,56,35 mph,3,5400,auto,,
76,,407188619,61,146,1,"LINESTRING (-112.1123365 33.5095215, -112.112405 33.5094801)",1,7.84,primary,46.64525087,3,80,,2,3600,auto,,
77,,407188618,61,218,1,"LINESTRING (-112.1123365 33.5095215, -112.112121 33.5094483)",1,21.57,primary,67.59268451,3,80,,2,3600,auto,,
78,,76695405,62,63,1,"LINESTRING (-112.1120198 33.5098818, -112.1119913 33.5099495, -112.1119627 33.5100172, -112.1119104 33.5101105)",1,27.41,primary,87.51630285,3,80,,2,3600,auto,,
79,North Black Canyon Highway,531245170,63,155,1,"LINESTRING (-112.1119104 33.5101105, -112.1119125 33.5101933, -112.1119309 33.5104149, -112.1119434 33.5105103, -112.1119799 33.5109842)",1,97.38,secondary,83.29372588,4,64,40 mph,3,4800,auto,,
80,West Camelback Road,407188891,66,147,1,"LINESTRING (-112.1110052 33.5094732, -112.110829 33.5094744, -112.1104938 33.5094826)",1,47.43,primary,47.2631757,3,64,40 mph,3,5400,auto,,
81,West Camelback Road,76695407,67,68,1,"LINESTRING (-112.110064 33.509544, -112.1104987 33.5096231, -112.1105737 33.5096229, -112.1106162 33.5096228, -112.1107221 33.5096223)",1,61.96,primary,24.7967683,3,56,35 mph,3,5400,auto,,
82,West Camelback Road,437461482,67,182,1,"LINESTRING (-112.110064 33.509544, -112.1093562 33.509543)",1,65.62,primary,98.3294664,3,56,35 mph,3,5400,auto,,
83,West Camelback Road,965928201,68,152,1,"LINESTRING (-112.1107221 33.5096223, -112.1110059 33.5096211)",1,26.31,primary,88.10229454,3,56,35 mph,5,9000,auto,,
84,West Camelback Road,407188890,70,121,1,"LINESTRING (-112.1138175 33.5095473, -112.1139045 33.5095449, -112.1142176 33.5095362, -112.1142869 33.5095201, -112.1145219 33.5094654)",1,66.41,primary,56.11380524,3,56,35 mph,3,5400,auto,,
85,,76695409,71,72,1,"LINESTRING (-112.1120421 33.5082836, -112.1120593 33.5086664, -112.1120308 33.5089686)",1,76.3,primary,64.97173038,3,80,,2,3600,auto,,
86,North Black Canyon Highway,531245169,71,204,1,"LINESTRING (-112.1120421 33.5082836, -112.1119721 33.5086924, -112.1119556 33.5088057)",1,58.61,secondary,92.86401746,4,64,40 mph,2,3200,auto,,
87,,407188892,72,73,1,"LINESTRING (-112.1120308 33.5089686, -112.1120507 33.5090711, -112.1120766 33.5091356)",1,19.11,primary,29.03762363,3,80,,2,3600,auto,,
88,,76695410,73,218,1,"LINESTRING (-112.1120766 33.5091356, -112.1121215 33.5092395, -112.1121668 33.5093059, -112.1122034 33.5093424, -112.112327 33.5094393)",1,41.79,primary,97.38537707,3,80,,2,3600,auto,,
89,North Black Canyon Highway,76695411,75,76,1,"LINESTRING (-112.1128197 33.5104466, -112.1128093 33.5101596, -112.1128038 33.51006)",1,43.01,primary,1.598289711,3,64,40 mph,2,3600,auto,,
90,North Black Canyon Highway,531245179,75,179,1,"LINESTRING (-112.1128197 33.5104466, -112.1128664 33.5102792, -112.1128831 33.5100497)",1,44.68,secondary,28.24871796,4,64,40 mph,3,4800,auto,,
91,,407188895,76,77,1,"LINESTRING (-112.1128038 33.51006, -112.1127955 33.5099894, -112.1127715 33.509889)",1,19.27,primary,16.76478927,3,80,,2,3600,auto,,
92,,76695412,77,78,1,"LINESTRING (-112.1127715 33.509889, -112.1127107 33.5097721, -112.1126151 33.5096679, -112.1124806 33.5095892)",1,43.99,primary,38.77556875,3,80,,2,3600,auto,,
93,,407188602,78,144,1,"LINESTRING (-112.1124806 33.5095892, -112.1123984 33.5095506)",1,8.75,primary,19.99268498,3,80,,2,3600,auto,,
94,West Camelback Road,407188605,78,219,1,"LINESTRING (-112.1124806 33.5095892, -112.112744 33.5095816)",1,24.44,primary,63.55366563,3,56,35 mph,3,5400,auto,,
95,,407188608,79,62,1,"LINESTRING (-112.1123292 33.5095933, -112.1121925 33.5096793, -112.1121808 33.5096877, -112.1121004 33.5097668, -112.1120198 33.5098818)",1,43.65,primary,16.13422271,3,80,,2,3600,auto,,
96,West Camelback Road,407188610,79,78,1,"LINESTRING (-112.1123292 33.5095933, -112.1124806 33.5095892)",1,14.04,primary,95.11488004,3,56,35 mph,3,5400,auto,,
97,West Indian School Road,85193326,80,81,1,"LINESTRING (-112.1076564 33.4950371, -112.1077734 33.4950364, -112.1079061 33.4950357, -112.10808 33.4950348, -112.1081529 33.4950344, -112.1082181 33.4950341, -112.1083201 33.4950344, -112.1084159 33.4950348)",1,70.43,secondary,38.56925936,4,56,35 mph,4,6400,auto,,
98,West Indian School Road,436944372,80,83,1,"LINESTRING (-112.1076564 33.4950371, -112.1075945 33.4950371, -112.1074733 33.4950372, -112.1074165 33.4950372, -112.1073385 33.4950372)",1,29.48,secondary,44.49479197,4,56,35 mph,3,4800,auto,,
99,West Indian School Road,85193326,81,80,1,"LINESTRING (-112.1084159 33.4950348, -112.1083201 33.4950344, -112.1082181 33.4950341, -112.1081529 33.4950344, -112.10808 33.4950348, -112.1079061 33.4950357, -112.1077734 33.4950364, -112.1076564 33.4950371)",1,70.43,secondary,85.55540586,4,56,35 mph,3,4800,auto,,
100,West Indian School Road,436944377,81,166,1,"LINESTRING (-112.1084159 33.4950348, -112.1086107 33.4950325, -112.109 33.4950302, -112.109051 33.4950296, -112.109147 33.4950284)",1,67.8,secondary,55.80658734,4,56,35 mph,3,4800,auto,,
101,West Indian School Road,85193330,82,83,1,"LINESTRING (-112.107126 33.4950345, -112.1073385 33.4950372)",1,19.71,secondary,92.8387578,4,56,35 mph,3,4800,auto,,
102,West Indian School Road,155109502,82,103,1,"LINESTRING (-112.107126 33.4950345, -112.1070858 33.4950345)",1,3.73,secondary,61.60534317,4,56,35 mph,3,4800,auto,,
103,West Indian School Road,436944372,83,80,1,"LINESTRING (-112.1073385 33.4950372, -112.1074165 33.4950372, -112.1074733 33.4950372, -112.1075945 33.4950371, -112.1076564 33.4950371)",1,29.48,secondary,36.18895459,4,56,35 mph,3,4800,auto,,
104,West Indian School Road,85193330,83,82,1,"LINESTRING (-112.1073385 33.4950372, -112.107126 33.4950345)",1,19.71,secondary,11.67958692,4,56,35 mph,3,4800,auto,,
105,,91364299,84,85,1,"LINESTRING (-112.1091595 33.473605, -112.109153 33.4735598, -112.1091505 33.4735191, -112.1091527 33.4734731, -112.1091599 33.4734374, -112.1091744 33.4734006, -112.1091965 33.4733615, -112.1092373 33.4733343, -112.1092846 33.4733166)",1,37.5,primary,12.68245083,3,40,25 mph,1,1800,auto,,
106,Grand Avenue,358567978,84,124,1,"LINESTRING (-112.1091595 33.473605, -112.1089957 33.4734635, -112.108826 33.4733268)",1,43.75,primary,79.31236451,3,72,45 mph,4,7200,auto,,
107,,91364299,85,84,1,"LINESTRING (-112.1092846 33.4733166, -112.1092373 33.4733343, -112.1091965 33.4733615, -112.1091744 33.4734006, -112.1091599 33.4734374, -112.1091527 33.4734731, -112.1091505 33.4735191, -112.109153 33.4735598, -112.1091595 33.473605)",1,37.5,primary,97.63031279,3,40,25 mph,1,1800,auto,,
108,West Indian School Road,95173543,86,87,1,"LINESTRING (-112.1127367 33.4951181, -112.1128351 33.4951177)",1,9.12,secondary,27.31385207,4,60,,6,9600,auto,,
109,West Indian School Road,436944358,87,162,1,"LINESTRING (-112.1128351 33.4951177, -112.1133285 33.4951154)",1,45.75,secondary,48.98208551,4,60,,6,9600,auto,,
110,West Indian School Road,95173544,88,89,1,"LINESTRING (-112.1133352 33.4948671, -112.1131998 33.4948667)",1,12.56,secondary,88.48256366,4,64,40 mph,6,9600,auto,,
111,West Indian School Road,436944374,89,163,1,"LINESTRING (-112.1131998 33.4948667, -112.1127358 33.4948655)",1,43.03,secondary,63.42645064,4,64,40 mph,6,9600,auto,,
112,West Indian School Road,95173545,90,91,1,"LINESTRING (-112.1119182 33.4948818, -112.111871 33.4948829, -112.1116356 33.4948883, -112.1115399 33.4948905, -112.1111808 33.4948987)",1,68.4,secondary,64.77598007,4,56,35 mph,4,6400,auto,,
113,West Indian School Road,436944386,91,164,1,"LINESTRING (-112.1111808 33.4948987, -112.1111723 33.4948989, -112.1108347 33.4949066, -112.110696 33.4949126)",1,44.98,secondary,0.772115595,4,56,35 mph,4,6400,auto,,
114,Grand Avenue,117367562,92,43,1,"LINESTRING (-112.1139862 33.4777627, -112.1136664 33.4774946)",1,42.05,primary,95.85805844,3,72,45 mph,3,5400,auto,,
115,Black Canyon Freeway,119371565,94,95,1,"LINESTRING (-112.113201 33.4850762, -112.1132044 33.4839145, -112.1132074 33.4824796, -112.1132085 33.4819018, -112.1132309 33.4796287, -112.1132428 33.4786402, -112.1132558 33.4780899, -112.113259 33.477638, -112.1132615 33.4774044)",1,853.09,motorway,34.08497878,1,105,65 mph,4,9200,auto,,
116,,137884432,94,102,1,"LINESTRING (-112.113201 33.4850762, -112.1132872 33.4846492, -112.113296 33.4839127, -112.1133351 33.4834303, -112.1134338 33.4824853, -112.113497 33.4819984)",1,343.74,motorway,13.32268746,1,120,,1,2300,auto,,
117,Black Canyon Freeway,1045974058,95,216,1,"LINESTRING (-112.1132615 33.4774044, -112.1132551 33.4756757)",1,192.22,motorway,38.32077152,1,105,65 mph,4,9200,auto,,
118,West Thomas Road,436970539,96,222,1,"LINESTRING (-112.1134535 33.480641, -112.113639 33.4806374)",1,17.21,trunk,38.04342416,2,56,35 mph,4,8800,auto,,
119,West Thomas Road,137327357,97,98,1,"LINESTRING (-112.1114348 33.4806006, -112.1116466 33.4806761, -112.1116911 33.4806755)",1,25.49,secondary,3.299729758,4,56,35 mph,3,4800,auto,,
120,West Thomas Road,448026464,97,178,1,"LINESTRING (-112.1114348 33.4806006, -112.1111252 33.4806095, -112.110899 33.480616)",1,49.72,secondary,56.11660145,4,60,,2,3200,auto,,
121,West Thomas Road,436970548,98,220,1,"LINESTRING (-112.1116911 33.4806755, -112.1118394 33.4806737, -112.1119687 33.4806721, -112.1120914 33.4806706, -112.1124991 33.4806655, -112.112607 33.4806647)",1,84.95,secondary,33.2104256,4,56,35 mph,4,6400,auto,,
122,West Thomas Road,137327363,99,100,1,"LINESTRING (-112.1134374 33.4804937, -112.1127937 33.4805094)",1,59.73,trunk,51.7459616,2,64,40 mph,4,8800,auto,,
123,West Thomas Road,137327373,100,220,1,"LINESTRING (-112.1127937 33.4805094, -112.112602 33.4805078)",1,17.78,trunk,32.8296271,2,64,40 mph,4,8800,auto,,
124,North Black Canyon Highway,177402125,102,105,1,"LINESTRING (-112.113497 33.4819984, -112.11351 33.4818638, -112.1135709 33.4813005)",1,77.91,secondary,13.20766704,4,64,40 mph,3,4800,auto,,
125,West Indian School Road,155109502,103,82,1,"LINESTRING (-112.1070858 33.4950345, -112.107126 33.4950345)",1,3.73,secondary,20.94606341,4,56,35 mph,3,4800,auto,,
126,North Black Canyon Highway,436970537,105,222,1,"LINESTRING (-112.1135709 33.4813005, -112.1136307 33.4807637, -112.113639 33.4806374)",1,74.01,secondary,86.15733913,4,64,40 mph,4,6400,auto,,
127,North Black Canyon Highway,236806313,106,107,1,"LINESTRING (-112.1120637 33.5167869, -112.1120594 33.5168713, -112.1120683 33.5172656, -112.1120655 33.5177254, -112.1120635 33.5181895, -112.1120595 33.518621, -112.1120572 33.519068, -112.1120542 33.5195139, -112.1120542 33.5199728, -112.1120446 33.5203251, -112.1120427 33.5204165, -112.1120453 33.5204939, -112.1120379 33.5206666, -112.1120285 33.5209238)",1,460.06,secondary,47.75117586,4,64,40 mph,1,1600,auto,,
128,North Black Canyon Highway,236806314,108,109,1,"LINESTRING (-112.1126211 33.5168224, -112.1126338 33.5149623, -112.1126344 33.5136843)",1,348.94,secondary,52.83176295,4,64,40 mph,1,1600,auto,,
129,North Black Canyon Highway,975938091,109,212,1,"LINESTRING (-112.1126344 33.5136843, -112.1126347 33.5131427)",1,60.22,secondary,90.38317056,4,64,40 mph,2,3200,auto,,
130,North Black Canyon Highway,248661354,110,108,1,"LINESTRING (-112.1125824 33.5209322, -112.1125737 33.5206667, -112.1125807 33.5204212, -112.1125784 33.5203284, -112.112587 33.5199596, -112.1125858 33.5195029, -112.1125941 33.5190618, -112.1125991 33.5186037, -112.1126034 33.5181695, -112.1126042 33.5177065, -112.1126094 33.5172673, -112.1126211 33.5168224)",1,457.04,secondary,18.46674059,4,64,40 mph,1,1600,auto,,
131,West Indian School Road,436944365,111,86,1,"LINESTRING (-112.112604 33.4951203, -112.1127367 33.4951181)",1,12.31,secondary,61.5534065,4,56,35 mph,6,9600,auto,,
132,North Black Canyon Highway,252080783,111,112,1,"LINESTRING (-112.112604 33.4951203, -112.112604 33.4952416, -112.1126028 33.4954211)",1,33.45,secondary,65.92251065,4,64,40 mph,3,4800,auto,,
133,North Black Canyon Highway,445048296,112,130,1,"LINESTRING (-112.1126028 33.4954211, -112.1125819 33.4959827)",1,62.48,secondary,20.03635563,4,64,40 mph,3,4800,auto,,
134,West Indian School Road,252080785,113,111,1,"LINESTRING (-112.1109735 33.4951058, -112.111447 33.49511, -112.1116106 33.4951114, -112.1117117 33.4951123, -112.112445 33.4951188, -112.112604 33.4951203)",1,151.2,secondary,64.41698636,4,56,35 mph,7,11200,auto,,
135,North Black Canyon Highway,252080786,114,102,1,"LINESTRING (-112.1133285 33.4900382, -112.1133286 33.4899998, -112.1133277 33.4899191, -112.1133309 33.4888339, -112.1133341 33.48774, -112.1133603 33.4857735, -112.1133693 33.4850804, -112.1133846 33.483911, -112.1134379 33.4831307, -112.1134915 33.4824867, -112.113497 33.4819984)",1,894.33,secondary,98.31516146,4,64,40 mph,1,1600,auto,,
136,West Indian School Road,436944368,115,88,1,"LINESTRING (-112.113472 33.4948661, -112.1133352 33.4948671)",1,12.69,secondary,59.39527772,4,64,40 mph,6,9600,auto,,
137,North Black Canyon Highway,252080788,115,116,1,"LINESTRING (-112.113472 33.4948661, -112.1134634 33.4947344, -112.1134512 33.4945572)",1,34.4,secondary,19.97806336,4,60,,3,4800,auto,,
138,North Black Canyon Highway,441457148,116,6,1,"LINESTRING (-112.1134512 33.4945572, -112.1134457 33.4942899, -112.1134364 33.4938391)",1,79.86,secondary,55.27283982,4,64,40 mph,3,4800,auto,,
139,North Black Canyon Highway,252080788,117,115,1,"LINESTRING (-112.113489 33.4951089, -112.113472 33.4948661)",1,27.04,secondary,61.76221047,4,60,,3,4800,auto,,
140,West Indian School Road,436944387,117,169,1,"LINESTRING (-112.113489 33.4951089, -112.1136326 33.4951003, -112.1139649 33.4950901, -112.1141307 33.495085)",1,59.57,secondary,94.00906324,4,64,40 mph,4,6400,auto,,
141,Grand Avenue,358567973,118,135,1,"LINESTRING (-112.1103576 33.4746117, -112.109962 33.4742756)",1,52.37,primary,92.66787014,3,72,45 mph,4,7200,auto,,
142,,303137306,119,120,1,"LINESTRING (-112.1074125 33.4721109, -112.1072858 33.4722122)",1,16.28,primary,95.43032446,3,72,45 mph,1,1800,auto,,
143,,303137306,120,119,1,"LINESTRING (-112.1072858 33.4722122, -112.1074125 33.4721109)",1,16.28,primary,11.84605502,3,72,45 mph,1,1800,auto,,
144,Grand Avenue,358494995,120,134,1,"LINESTRING (-112.1072858 33.4722122, -112.1075706 33.4724518, -112.1076034 33.4724796, -112.1078757 33.4727058)",1,77.5,primary,37.25851296,3,72,45 mph,3,5400,auto,,
145,West Camelback Road,311831878,121,122,1,"LINESTRING (-112.1145219 33.5094654, -112.1142265 33.5093955, -112.1141186 33.5093905)",1,38.49,primary,32.86455561,3,64,40 mph,3,5400,auto,,
146,West Camelback Road,437461493,121,183,1,"LINESTRING (-112.1145219 33.5094654, -112.1148133 33.5094664, -112.1148465 33.5094665, -112.1150222 33.5094671)",1,46.39,primary,57.15508362,3,64,40 mph,3,5400,auto,,
147,West Camelback Road,437461477,122,148,1,"LINESTRING (-112.1141186 33.5093905, -112.113948 33.5093939, -112.1138046 33.5093968)",1,29.12,primary,69.6338957,3,64,40 mph,5,9000,auto,,
148,West Indian School Road,317144617,123,115,1,"LINESTRING (-112.1145677 33.4948681, -112.1143321 33.4948674, -112.1142772 33.4948672, -112.113623 33.4948652, -112.1136119 33.4948653, -112.113472 33.4948661)",1,101.6,secondary,9.013054072,4,64,40 mph,7,11200,auto,,
149,Grand Avenue,325860677,124,125,1,"LINESTRING (-112.108826 33.4733268, -112.1085674 33.4730951, -112.1077712 33.4724166)",1,140.77,primary,29.22470152,3,72,45 mph,3,5400,auto,,
150,Grand Avenue,358494994,125,133,1,"LINESTRING (-112.1077712 33.4724166, -112.1076458 33.4723097)",1,16.63,primary,26.81785811,3,72,45 mph,3,5400,auto,,
151,Grand Avenue,325860678,126,127,1,"LINESTRING (-112.10861 33.4733347, -112.1088562 33.473548, -112.1089386 33.4736179, -112.109171 33.4738148, -112.1093757 33.4739883)",1,101.62,primary,45.08711615,3,72,45 mph,3,5400,auto,,
152,Grand Avenue,358567976,127,138,1,"LINESTRING (-112.1093757 33.4739883, -112.1095816 33.4741628)",1,27.23,primary,16.71700536,3,72,45 mph,3,5400,auto,,
153,Black Canyon Freeway,343842569,128,129,1,"LINESTRING (-112.1124187 33.5206667, -112.1124213 33.5203305)",1,37.38,motorway,9.332484604,1,105,65 mph,4,9200,auto,,
154,Black Canyon Freeway,528438528,129,8,1,"LINESTRING (-112.1124213 33.5203305, -112.112487 33.5136659)",1,741.09,motorway,50.50466507,1,105,65 mph,5,11500,auto,,
155,,445048356,130,18,1,"LINESTRING (-112.1125819 33.4959827, -112.1126283 33.4962744, -112.1126774 33.4968075, -112.112719 33.4972789)",1,144.73,motorway,81.32310998,1,120,,2,4600,auto,,
156,North Black Canyon Highway,344056969,130,131,1,"LINESTRING (-112.1125819 33.4959827, -112.1125589 33.4962636, -112.1125671 33.4964122, -112.1126047 33.4968047, -112.1126451 33.4972994, -112.1126654 33.4976102, -112.1126691 33.4980694, -112.1126735 33.498615, -112.1126771 33.4991315, -112.1126813 33.4995931, -112.1126643 33.5004286, -112.112629 33.5011087, -112.1125575 33.5022319, -112.112446 33.5040592, -112.1124268 33.5045014, -112.112396 33.5049669)",1,1000.04,secondary,83.00495377,4,64,40 mph,1,1600,auto,,
157,North Black Canyon Highway,529407659,131,203,1,"LINESTRING (-112.112396 33.5049669, -112.1123571 33.5056445, -112.1123404 33.5058926, -112.1123175 33.5061306, -112.1122868 33.5064497, -112.1121993 33.507057)",1,233.22,secondary,51.85321455,4,64,40 mph,1,1600,auto,,
158,Grand Avenue,358494990,132,126,1,"LINESTRING (-112.1080403 33.4728476, -112.1080613 33.4728657, -112.108458 33.4732072, -112.10861 33.4733347)",1,75.67,primary,59.31523093,3,72,45 mph,5,9000,auto,,
159,Grand Avenue,436970523,133,119,1,"LINESTRING (-112.1076458 33.4723097, -112.1074125 33.4721109)",1,30.93,primary,95.46668373,3,72,45 mph,4,7200,auto,,
160,Grand Avenue,436970520,134,132,1,"LINESTRING (-112.1078757 33.4727058, -112.1080403 33.4728476)",1,21.95,primary,58.85288936,3,72,45 mph,4,7200,auto,,
161,Grand Avenue,358567977,135,139,1,"LINESTRING (-112.109962 33.4742756, -112.1096324 33.4740002)",1,43.27,primary,25.66118655,3,72,45 mph,3,5400,auto,,
162,Grand Avenue,358567975,136,42,1,"LINESTRING (-112.1122937 33.4764873, -112.1126326 33.47677)",1,44.45,primary,94.80891797,3,72,45 mph,3,5400,auto,,
163,Grand Avenue,358567975,137,20,1,"LINESTRING (-112.1098435 33.4743847, -112.1107778 33.4751643, -112.111148 33.4754868, -112.1116 33.4758863)",1,233.3,primary,97.27086911,3,72,45 mph,3,5400,auto,,
164,Grand Avenue,436970525,138,137,1,"LINESTRING (-112.1095816 33.4741628, -112.1097187 33.4742794, -112.1098435 33.4743847)",1,34.63,primary,44.27734054,3,72,45 mph,4,7200,auto,,
165,Grand Avenue,436970522,139,140,1,"LINESTRING (-112.1096324 33.4740002, -112.1094619 33.4738577)",1,22.39,primary,47.12746569,3,72,45 mph,3,5400,auto,,
166,Grand Avenue,358567978,140,84,1,"LINESTRING (-112.1094619 33.4738577, -112.1091595 33.473605)",1,39.7,primary,63.33281524,3,72,45 mph,4,7200,auto,,
167,Grand Avenue,362358547,141,47,1,"LINESTRING (-112.1159828 33.4802097, -112.1158519 33.4800257)",1,23.79,primary,9.811682702,3,72,45 mph,2,3600,auto,,
168,North Black Canyon Highway,404610302,142,143,1,"LINESTRING (-112.1099351 33.4671179, -112.1100038 33.4672561, -112.1102999 33.467853, -112.1103284 33.4679096, -112.1103995 33.4680765)",1,114.99,secondary,24.94550612,4,60,,3,4800,auto,,
169,North Black Canyon Highway,1124147668,143,27,1,"LINESTRING (-112.1103995 33.4680765, -112.1104979 33.4683135)",1,27.89,secondary,36.27064475,4,64,40 mph,3,4800,auto,,
170,,1046396976,144,61,1,"LINESTRING (-112.1123984 33.5095506, -112.1123365 33.5095215)",1,6.59,primary,39.87061965,3,80,,2,3600,auto,,
171,,1046396975,144,79,1,"LINESTRING (-112.1123984 33.5095506, -112.1123579 33.5095756, -112.1123292 33.5095933)",1,7.98,primary,62.13156384,3,80,,2,3600,auto,,
172,,407188620,146,56,1,"LINESTRING (-112.112405 33.5094801, -112.1124902 33.5094306)",1,9.63,primary,91.381875,3,80,,2,3600,auto,,
173,,407188621,146,57,1,"LINESTRING (-112.112405 33.5094801, -112.1124706 33.5095151)",1,7.22,primary,84.46878514,3,80,,2,3600,auto,,
174,West Camelback Road,531223558,147,67,1,"LINESTRING (-112.1104938 33.5094826, -112.1102693 33.5095146, -112.110064 33.509544)",1,40.43,primary,33.60498411,3,64,40 mph,3,5400,auto,,
175,West Camelback Road,407188893,148,219,1,"LINESTRING (-112.1138046 33.5093968, -112.1134851 33.5094032, -112.1130272 33.5094124, -112.113003 33.5094129, -112.1129128 33.5094146)",1,82.71,primary,88.06809186,3,64,40 mph,6,10800,auto,,
176,North Black Canyon Highway,407188894,150,151,1,"LINESTRING (-112.1129358 33.504942, -112.1129962 33.5040511, -112.1131059 33.5022258, -112.1132066 33.4996009, -112.1132072 33.4995846, -112.1132232 33.4991403, -112.1132415 33.4986261, -112.1132421 33.4984133, -112.1132483 33.4980741, -112.1133033 33.49761, -112.1133402 33.4972941, -112.1133992 33.4968121, -112.1134103 33.4966408)",1,924.39,secondary,9.184947843,4,64,40 mph,1,1600,auto,,
177,North Black Canyon Highway,529407658,151,17,1,"LINESTRING (-112.1134103 33.4966408, -112.1134093 33.4964259)",1,23.9,secondary,80.29488291,4,64,40 mph,1,1600,auto,,
178,West Camelback Road,407188896,152,221,1,"LINESTRING (-112.1110059 33.5096211, -112.1110749 33.509621, -112.1113265 33.5096208, -112.1118052 33.5096194, -112.111892 33.5096192)",1,82.15,primary,72.07730344,3,56,35 mph,6,10800,auto,,
179,North Black Canyon Highway,529407660,154,14,1,"LINESTRING (-112.1128932 33.5087637, -112.1128881 33.5085937, -112.1128881 33.5082645, -112.1128877 33.5082501, -112.1128841 33.5081299, -112.1128731 33.5078712)",1,99.27,secondary,61.90753141,4,64,40 mph,3,4800,auto,,
180,,528425559,155,10,1,"LINESTRING (-112.1119799 33.5109842, -112.1120732 33.5115311, -112.1121158 33.5120129)",1,115.14,motorway,66.07187326,1,120,,2,4600,auto,,
181,North Black Canyon Highway,407189215,155,156,1,"LINESTRING (-112.1119799 33.5109842, -112.1119943 33.511531, -112.1120312 33.5120141, -112.1120687 33.5124648, -112.1120918 33.5127546, -112.112098 33.5129678, -112.1120982 33.5131476)",1,240.88,secondary,33.86138602,4,64,40 mph,1,1600,auto,,
182,North Black Canyon Highway,1299348314,156,106,1,"LINESTRING (-112.1120982 33.5131476, -112.1120795 33.5141905, -112.1120637 33.5167869)",1,404.69,secondary,38.72868219,4,64,40 mph,1,1600,auto,,
183,West Camelback Road,411566225,157,158,1,"LINESTRING (-112.1062991 33.5095593, -112.107491 33.5095496, -112.1076823 33.509548, -112.1077804 33.5095472)",1,137.34,primary,93.81858877,3,56,35 mph,3,5400,auto,,
184,West Camelback Road,411566225,158,157,1,"LINESTRING (-112.1077804 33.5095472, -112.1076823 33.509548, -112.107491 33.5095496, -112.1062991 33.5095593)",1,137.34,primary,0.212100715,3,56,35 mph,3,5400,auto,,
185,West Camelback Road,437461020,158,181,1,"LINESTRING (-112.1077804 33.5095472, -112.1080191 33.5095442, -112.108222 33.5095433, -112.1083227 33.5095428, -112.108447 33.5095423)",1,61.81,primary,44.34971272,3,56,35 mph,4,7200,auto,,
186,North Black Canyon Highway,436944354,159,160,1,"LINESTRING (-112.1125952 33.4942236, -112.1126063 33.4947351, -112.1126062 33.4947495, -112.112605 33.4948665)",1,71.5,secondary,70.06602261,4,64,40 mph,5,8000,auto,,
187,West Indian School Road,596271948,160,90,1,"LINESTRING (-112.112605 33.4948665, -112.1124277 33.4948702, -112.112071 33.4948783, -112.1119182 33.4948818)",1,63.71,secondary,91.13164927,4,56,35 mph,4,6400,auto,,
188,North Black Canyon Highway,1067178660,160,111,1,"LINESTRING (-112.112605 33.4948665, -112.112604 33.4951203)",1,28.22,secondary,73.00512496,4,64,40 mph,2,3200,auto,,
189,North Black Canyon Highway,436944355,161,117,1,"LINESTRING (-112.1134716 33.4956656, -112.1134855 33.4952265, -112.1134857 33.4952195, -112.113489 33.4951089)",1,61.92,secondary,77.89749343,4,60,,5,8000,auto,,
190,West Indian School Road,436944364,162,117,1,"LINESTRING (-112.1133285 33.4951154, -112.113489 33.4951089)",1,14.9,secondary,36.67427853,4,64,40 mph,6,9600,auto,,
191,West Indian School Road,436944359,163,160,1,"LINESTRING (-112.1127358 33.4948655, -112.112605 33.4948665)",1,12.13,secondary,43.30121639,4,56,35 mph,6,9600,auto,,
192,West Indian School Road,436944367,164,165,1,"LINESTRING (-112.110696 33.4949126, -112.11044 33.4950222)",1,26.68,secondary,56.19337436,4,56,35 mph,4,6400,auto,,
193,West Indian School Road,436944376,165,113,1,"LINESTRING (-112.11044 33.4950222, -112.1106054 33.4950711, -112.110689 33.4950958, -112.1109735 33.4951058)",1,50.9,secondary,3.520570023,4,56,35 mph,4,6400,auto,,
194,West Indian School Road,437372466,165,167,1,"LINESTRING (-112.11044 33.4950222, -112.1100631 33.4950245)",1,34.95,secondary,9.736802684,4,56,35 mph,3,4800,auto,,
195,West Indian School Road,436944377,166,81,1,"LINESTRING (-112.109147 33.4950284, -112.109051 33.4950296, -112.109 33.4950302, -112.1086107 33.4950325, -112.1084159 33.4950348)",1,67.8,secondary,10.47234844,4,56,35 mph,4,6400,auto,,
196,West Indian School Road,436944378,166,167,1,"LINESTRING (-112.109147 33.4950284, -112.1099207 33.4950247, -112.1099665 33.4950245, -112.1100631 33.4950245)",1,84.95,secondary,13.104968,4,56,35 mph,3,4800,auto,,
197,West Indian School Road,437372466,167,165,1,"LINESTRING (-112.1100631 33.4950245, -112.11044 33.4950222)",1,34.95,secondary,89.74963753,4,56,35 mph,4,6400,auto,,
198,West Indian School Road,436944378,167,166,1,"LINESTRING (-112.1100631 33.4950245, -112.1099665 33.4950245, -112.1099207 33.4950247, -112.109147 33.4950284)",1,84.95,secondary,26.56269089,4,56,35 mph,3,4800,auto,,
199,West Indian School Road,436944382,168,123,1,"LINESTRING (-112.115598 33.4948712, -112.1153525 33.4948705, -112.1152337 33.4948701, -112.1146836 33.4948685, -112.1145677 33.4948681)",1,95.54,secondary,73.99526545,4,64,40 mph,4,6400,auto,,
200,West Indian School Road,596271947,169,211,1,"LINESTRING (-112.1141307 33.495085, -112.1143616 33.4950771, -112.1147065 33.4950653, -112.114743 33.495064, -112.1148656 33.4950598, -112.1152178 33.4950517, -112.1153233 33.4950492, -112.1154624 33.4950459)",1,123.57,secondary,29.87828664,4,64,40 mph,4,6400,auto,,
201,North Black Canyon Highway,436954229,170,171,1,"LINESTRING (-112.1111499 33.4677592, -112.1110788 33.4675999)",1,18.9,secondary,88.77231941,4,60,,3,4800,auto,,
202,Grand Avenue,436970521,172,120,1,"LINESTRING (-112.1069925 33.4719675, -112.107042 33.4720088, -112.1072858 33.4722122)",1,38.48,primary,61.25316615,3,72,45 mph,4,7200,auto,,
203,North Black Canyon Highway,436970538,173,220,1,"LINESTRING (-112.1126217 33.4795932, -112.11261 33.4799989, -112.1125997 33.4804045, -112.1125999 33.480415, -112.112602 33.4805078)",1,101.72,trunk,55.98067039,2,64,40 mph,4,8800,auto,,
204,West Thomas Road,436970540,174,175,1,"LINESTRING (-112.1078751 33.4806895, -112.1083204 33.4806913, -112.108446 33.4806918)",1,52.95,secondary,91.39848503,4,56,35 mph,4,6400,auto,,
205,West Thomas Road,1085225412,174,217,1,"LINESTRING (-112.1078751 33.4806895, -112.1078049 33.4806887)",1,6.51,secondary,6.336149195,4,56,35 mph,2,3200,auto,,
206,West Thomas Road,436970540,175,174,1,"LINESTRING (-112.108446 33.4806918, -112.1083204 33.4806913, -112.1078751 33.4806895)",1,52.95,secondary,71.1992484,4,56,35 mph,2,3200,auto,,
207,West Thomas Road,436970541,175,176,1,"LINESTRING (-112.108446 33.4806918, -112.1085505 33.4806887, -112.108834 33.4806801, -112.1089231 33.4806781)",1,44.27,secondary,55.76396003,4,56,35 mph,3,4800,auto,,
208,West Thomas Road,436970541,176,175,1,"LINESTRING (-112.1089231 33.4806781, -112.108834 33.4806801, -112.1085505 33.4806887, -112.108446 33.4806918)",1,44.27,secondary,0.711647695,4,56,35 mph,3,4800,auto,,
209,West Thomas Road,436970544,176,178,1,"LINESTRING (-112.1089231 33.4806781, -112.109011 33.4806762, -112.1092489 33.4806685, -112.1096519 33.4806554, -112.109855 33.4806483, -112.1100479 33.4806414, -112.1102141 33.4806372, -112.1104403 33.4806299, -112.1106157 33.4806242, -112.1106707 33.4806224, -112.1108079 33.4806186, -112.1108607 33.4806171, -112.110899 33.480616)",1,183.39,secondary,45.5786258,4,56,35 mph,3,4800,auto,,
210,West Thomas Road,436970542,177,222,1,"LINESTRING (-112.1142674 33.4804603, -112.1137977 33.4804841, -112.113648 33.4804871)",1,57.53,trunk,86.09692507,2,64,40 mph,4,8800,auto,,
211,West Thomas Road,448026464,178,97,1,"LINESTRING (-112.110899 33.480616, -112.1111252 33.4806095, -112.1114348 33.4806006)",1,49.72,secondary,15.6147943,4,60,,3,4800,auto,,
212,West Thomas Road,436970544,178,176,1,"LINESTRING (-112.110899 33.480616, -112.1108607 33.4806171, -112.1108079 33.4806186, -112.1106707 33.4806224, -112.1106157 33.4806242, -112.1104403 33.4806299, -112.1102141 33.4806372, -112.1100479 33.4806414, -112.109855 33.4806483, -112.1096519 33.4806554, -112.1092489 33.4806685, -112.109011 33.4806762, -112.1089231 33.4806781)",1,183.39,secondary,48.50752636,4,56,35 mph,2,3200,auto,,
213,North Black Canyon Highway,437461018,179,219,1,"LINESTRING (-112.1128831 33.5100497, -112.1129113 33.5096605, -112.1129176 33.5095744)",1,52.95,secondary,99.98514129,4,64,40 mph,4,6400,auto,,
214,North Black Canyon Highway,437461019,180,221,1,"LINESTRING (-112.1119374 33.5089583, -112.1119184 33.5091188, -112.1119023 33.5093483, -112.111895 33.5094537)",1,55.24,secondary,86.97655791,4,64,40 mph,4,6400,auto,,
215,West Camelback Road,437461020,181,158,1,"LINESTRING (-112.108447 33.5095423, -112.1083227 33.5095428, -112.108222 33.5095433, -112.1080191 33.5095442, -112.1077804 33.5095472)",1,61.81,primary,63.4206577,3,56,35 mph,3,5400,auto,,
216,West Camelback Road,437461021,181,182,1,"LINESTRING (-112.108447 33.5095423, -112.1085747 33.5095421, -112.1086943 33.5095421, -112.1086999 33.5095421, -112.1089974 33.5095454, -112.1092368 33.5095438, -112.1093172 33.5095433, -112.1093562 33.509543)",1,84.3,primary,26.15472002,3,56,35 mph,3,5400,auto,,
217,West Camelback Road,437461482,182,67,1,"LINESTRING (-112.1093562 33.509543, -112.110064 33.509544)",1,65.62,primary,42.41132297,3,56,35 mph,3,5400,auto,,
218,West Camelback Road,437461021,182,181,1,"LINESTRING (-112.1093562 33.509543, -112.1093172 33.5095433, -112.1092368 33.5095438, -112.1089974 33.5095454, -112.1086999 33.5095421, -112.1086943 33.5095421, -112.1085747 33.5095421, -112.108447 33.5095423)",1,84.3,primary,5.36699712,3,56,35 mph,4,7200,auto,,
219,West Camelback Road,437461493,183,121,1,"LINESTRING (-112.1150222 33.5094671, -112.1148465 33.5094665, -112.1148133 33.5094664, -112.1145219 33.5094654)",1,46.39,primary,46.15194638,3,64,40 mph,2,3600,auto,,
220,North Black Canyon Highway,441457149,184,159,1,"LINESTRING (-112.1126423 33.4935847, -112.1126186 33.4938721, -112.1126036 33.4940582, -112.1125952 33.4942236)",1,71.18,secondary,72.53275715,4,64,40 mph,4,6400,auto,,
221,,448022801,185,92,1,"LINESTRING (-112.1158954 33.4793386, -112.1157291 33.4791856, -112.1155554 33.479034, -112.1154012 33.4788981, -112.1152104 33.4787339, -112.1144025 33.4780633, -112.1139862 33.4777627)",1,249.29,primary,73.27759783,3,72,45 mph,1,1800,auto,,
222,Black Canyon Freeway,528363212,186,187,1,"LINESTRING (-112.1129698 33.4850703, -112.1129725 33.4900366)",1,552.23,motorway,25.07231819,1,105,65 mph,5,11500,auto,,
223,Black Canyon Freeway,537871217,187,209,1,"LINESTRING (-112.1129725 33.4900366, -112.1129726 33.4901616)",1,13.9,motorway,25.7223945,1,105,65 mph,5,11500,auto,,
224,Black Canyon Freeway,528363218,188,186,1,"LINESTRING (-112.1130242 33.4807509, -112.1130127 33.4819139, -112.1130054 33.4824746, -112.1129857 33.4839186, -112.1129698 33.4850703)",1,480.32,motorway,72.66641279,1,105,65 mph,4,9200,auto,,
225,Black Canyon Freeway,528363223,189,190,1,"LINESTRING (-112.1130447 33.4774475, -112.1130403 33.4780818)",1,70.53,motorway,88.26736635,1,105,65 mph,4,9200,auto,,
226,Black Canyon Freeway,1045974059,190,188,1,"LINESTRING (-112.1130403 33.4780818, -112.1130325 33.4795502, -112.11303 33.4804112, -112.1130296 33.4804335, -112.1130246 33.4807286, -112.1130242 33.4807509)",1,296.8,motorway,43.57541791,1,105,65 mph,4,9200,auto,,
227,Black Canyon Freeway,528363236,191,192,1,"LINESTRING (-112.1131559 33.4912598, -112.1131641 33.4901624)",1,122.03,motorway,73.81952241,1,105,65 mph,5,11500,auto,,
228,Black Canyon Freeway,537871215,192,208,1,"LINESTRING (-112.1131641 33.4901624, -112.113165 33.4900375)",1,13.89,motorway,99.09772475,1,105,65 mph,5,11500,auto,,
229,Black Canyon Freeway,528363237,193,191,1,"LINESTRING (-112.1130583 33.4980725, -112.1130739 33.4976121, -112.1130783 33.497298, -112.1130857 33.4968101, -112.1131102 33.4951905, -112.1131308 33.4938324, -112.1131356 33.4935104, -112.1131406 33.4930683, -112.1131455 33.4926256, -112.1131535 33.4916878, -112.1131559 33.4912598)",1,757.6,motorway,42.65083137,1,105,65 mph,4,9200,auto,,
230,Black Canyon Freeway,528363239,194,16,1,"LINESTRING (-112.1128003 33.5047597, -112.1129844 33.5015961, -112.113058 33.4992841)",1,609.36,motorway,95.45262341,1,105,65 mph,5,11500,auto,,
231,Black Canyon Freeway,528432235,195,0,1,"LINESTRING (-112.1125593 33.5047602, -112.1125032 33.5055866)",1,92.04,motorway,59.33080377,1,105,65 mph,5,11500,auto,,
232,Black Canyon Freeway,528438519,196,194,1,"LINESTRING (-112.1127235 33.5059947, -112.1128003 33.5047597)",1,137.51,motorway,57.04317777,1,105,65 mph,5,11500,auto,,
233,,528429075,197,129,1,"LINESTRING (-112.1124921 33.5206667, -112.1124213 33.5203305)",1,37.96,motorway,46.55511863,1,120,,1,2300,auto,,
234,West Thomas Road,528730335,199,50,1,"LINESTRING (-112.115242 33.480491, -112.1148176 33.4805126)",1,39.43,trunk,22.27695963,2,100,,3,6600,auto,,
235,West Thomas Road,528730336,199,200,1,"LINESTRING (-112.115242 33.480491, -112.1157804 33.4804657)",1,50.01,trunk,39.78982632,2,100,,3,6600,auto,,
236,West Thomas Road,528730336,200,199,1,"LINESTRING (-112.1157804 33.4804657, -112.115242 33.480491)",1,50.01,trunk,75.07455014,2,100,,4,8800,auto,,
237,North Black Canyon Highway,529407654,201,150,1,"LINESTRING (-112.1128742 33.5058874, -112.1128884 33.5055637, -112.1129358 33.504942)",1,105.29,secondary,53.5176098,4,64,40 mph,1,1600,auto,,
238,North Black Canyon Highway,529407656,202,31,1,"LINESTRING (-112.1127301 33.4745492, -112.112758 33.47474, -112.112786 33.4751081, -112.1128076 33.4753004, -112.1128189 33.4755554, -112.1128214 33.4759061, -112.1128312 33.4765696)",1,225.02,secondary,62.77414325,4,64,40 mph,1,1600,auto,,
239,North Black Canyon Highway,531245167,203,1,1,"LINESTRING (-112.1121993 33.507057, -112.1121875 33.5071878, -112.1121581 33.5075875)",1,59.11,secondary,87.067508,4,64,40 mph,2,3200,auto,,
240,North Black Canyon Highway,1067161290,204,180,1,"LINESTRING (-112.1119556 33.5088057, -112.1119374 33.5089583)",1,17.05,secondary,28.59167245,4,64,40 mph,3,4800,auto,,
241,North Black Canyon Highway,964210187,205,75,1,"LINESTRING (-112.1127658 33.5110433, -112.1128197 33.5104466)",1,66.54,secondary,77.39687058,4,64,40 mph,3,4800,auto,,
242,,532957777,206,26,1,"LINESTRING (-112.1109973 33.4689989, -112.1113216 33.4697713)",1,91,motorway,0.792985699,1,120,,1,2300,auto,,
243,North Black Canyon Highway,537871212,207,114,1,"LINESTRING (-112.1133282 33.4901632, -112.1133285 33.4900382)",1,13.9,secondary,7.151048161,4,64,40 mph,1,1600,auto,,
244,Black Canyon Freeway,537871214,208,94,1,"LINESTRING (-112.113165 33.4900375, -112.1131677 33.4888391, -112.113201 33.4850762)",1,551.68,motorway,81.51925224,1,105,65 mph,5,11500,auto,,
245,Black Canyon Freeway,537871216,209,12,1,"LINESTRING (-112.1129726 33.4901616, -112.1129732 33.4912605)",1,122.19,motorway,42.52356126,1,105,65 mph,5,11500,auto,,
246,North Black Canyon Highway,537871218,210,184,1,"LINESTRING (-112.1127935 33.4901607, -112.112793 33.4901931, -112.112791 33.4903259, -112.1127808 33.4912614, -112.1127762 33.4916649, -112.1127361 33.4922697, -112.1127057 33.4926341, -112.1126606 33.4930665, -112.112621 33.4934472, -112.1126423 33.4935847)",1,381.41,secondary,91.76142136,4,64,40 mph,1,1600,auto,,
247,North Black Canyon Highway,975938092,212,213,1,"LINESTRING (-112.1126347 33.5131427, -112.1126348 33.5129719, -112.1126421 33.5127565, -112.1126582 33.5124597, -112.1126723 33.5122963)",1,94.21,secondary,86.80184095,4,64,40 mph,1,1600,auto,,
248,North Black Canyon Highway,975938093,213,214,1,"LINESTRING (-112.1126723 33.5122963, -112.1126974 33.5120051, -112.1127125 33.5118301, -112.1127212 33.5117546)",1,60.41,secondary,53.94672172,4,64,40 mph,2,3200,auto,,
249,North Black Canyon Highway,975938094,214,9,1,"LINESTRING (-112.1127212 33.5117546, -112.1127435 33.5115362, -112.1127401 33.5113271)",1,47.63,secondary,7.960230565,4,64,40 mph,1,1600,auto,,
250,North Black Canyon Highway,987702744,215,161,1,"LINESTRING (-112.1134492 33.4959791, -112.113454 33.4959435, -112.1134659 33.4957552, -112.1134716 33.4956656)",1,34.93,secondary,40.45393739,4,64,40 mph,4,6400,auto,,
251,Black Canyon Freeway,1331950710,216,33,1,"LINESTRING (-112.1132551 33.4756757, -112.1132465 33.4752894, -112.1132211 33.4749159, -112.1131892 33.4745475, -112.1131458 33.4741694)",1,167.87,motorway,82.30200132,1,105,65 mph,4,9200,auto,,
252,West Thomas Road,1085225412,217,174,1,"LINESTRING (-112.1078049 33.4806887, -112.1078751 33.4806895)",1,6.51,secondary,78.97758825,4,56,35 mph,3,4800,auto,,
253,,407188622,218,146,1,"LINESTRING (-112.112327 33.5094393, -112.112405 33.5094801)",1,8.54,primary,2.803226911,3,80,,2,3600,auto,,
254,West Camelback Road,76695406,218,221,1,"LINESTRING (-112.112121 33.5094483, -112.111895 33.5094537)",1,20.96,primary,38.54853975,3,64,40 mph,3,5400,auto,,
255,West Camelback Road,437461480,219,55,1,"LINESTRING (-112.1129128 33.5094146, -112.1127298 33.5094179)",1,16.97,primary,14.83951588,3,64,40 mph,5,9000,auto,,
256,North Black Canyon Highway,407188898,219,59,1,"LINESTRING (-112.1129128 33.5094146, -112.1129081 33.5092572, -112.1129036 33.5091094, -112.1129033 33.5090986, -112.1128962 33.5088633)",1,61.32,secondary,76.94431269,4,64,40 mph,3,4800,auto,,
257,West Camelback Road,76695408,219,70,1,"LINESTRING (-112.1129176 33.5095744, -112.1130216 33.5095713, -112.1130364 33.5095708, -112.113757 33.5095482, -112.1138175 33.5095473)",1,83.49,primary,29.17142852,3,56,35 mph,3,5400,auto,,
258,North Black Canyon Highway,172999576,220,4,1,"LINESTRING (-112.112607 33.4806647, -112.1126096 33.4807548, -112.11264 33.4810658, -112.1126594 33.4812864, -112.1127014 33.4817316, -112.112719 33.481918)",1,139.76,secondary,4.798540165,4,64,40 mph,3,4800,auto,,
259,West Thomas Road,51462989,220,54,1,"LINESTRING (-112.112607 33.4806647, -112.1127999 33.4806605)",1,17.9,trunk,74.04075645,2,56,35 mph,4,8800,auto,,
260,West Thomas Road,137327370,220,97,1,"LINESTRING (-112.112602 33.4805078, -112.1124895 33.4805113, -112.1124798 33.4805116, -112.1120676 33.4805213, -112.1119002 33.4805252, -112.111664 33.4805307, -112.1116339 33.4805318, -112.1114348 33.4806006)",1,109.81,secondary,4.787318017,4,64,40 mph,3,4800,auto,,
261,West Camelback Road,437461475,221,60,1,"LINESTRING (-112.111892 33.5096192, -112.1121042 33.5096125)",1,19.69,primary,56.91971179,3,56,35 mph,5,9000,auto,,
262,North Black Canyon Highway,407188897,221,63,1,"LINESTRING (-112.111892 33.5096192, -112.111894 33.5097578, -112.1118984 33.5100197, -112.1119104 33.5101105)",1,54.7,secondary,31.83538796,4,64,40 mph,3,4800,auto,,
263,West Camelback Road,76695406,221,66,1,"LINESTRING (-112.111895 33.5094537, -112.1117998 33.509456, -112.1110052 33.5094732)",1,82.53,primary,53.23541518,3,64,40 mph,3,5400,auto,,
264,North Black Canyon Highway,172999577,222,34,1,"LINESTRING (-112.113648 33.4804871, -112.1136561 33.4803681, -112.113662 33.4801076, -112.1136403 33.4794916, -112.1135853 33.4791114, -112.1135489 33.4786598, -112.1135366 33.4781133, -112.1135284 33.477427, -112.113514 33.4768519)",1,404.72,trunk,10.41731345,2,64,40 mph,3,6600,auto,,
265,West Thomas Road,51462945,222,50,1,"LINESTRING (-112.113639 33.4806374, -112.1138004 33.4806354, -112.114649 33.4805906, -112.1146681 33.4805884, -112.1148176 33.4805126)",1,111.85,trunk,43.3521944,2,56,35 mph,3,6600,auto,,
266,West Thomas Road,172999587,222,99,1,"LINESTRING (-112.113648 33.4804871, -112.1134374 33.4804937)",1,19.55,trunk,47.07253748,2,64,40 mph,4,8800,auto,,