mode,route_id,origin,destination,unique_route_id,node_ids,link_ids,total_distance,total_free_flow_travel_time,total_travel_time
auto,1,1,2,1,1;2,1,6,6,6.00088
auto,1,1,3,1,1;3,2,4,4,4.00902
auto,1,1,4,1,3;1;3,6;2,8,8,8.31404
auto,1,1,5,1,4;3;1;3,9;6;2,10,10,10.6568
auto,1,1,6,1,2;1;2,4;1,11,11,12.5847
auto,1,1,7,1,8;6;2;1;2,20;16;4;1,16,16,32.8938
auto,1,1,8,1,6;2;1;2,16;4;1,13,13,27.2214
auto,1,1,9,1,5;4;3;1;3,13;9;6;2,15,15,20.5666
auto,1,1,10,1,9;5;4;3;1;3,25;13;9;6;2,18,18,26.2893
auto,1,1,11,1,4;3;1;3,10;6;2,14,14,15.855
auto,1,1,12,1,3;1;3,7;2,8,8,8.03411
auto,1,1,13,1,12;3;1;3,37;7;2,11,11,11.062
auto,1,1,14,1,11;4;3;1;3,34;10;6;2,18,18,29.6049
auto,1,1,15,1,10;9;5;4;3;1;3,28;25;13;9;6;2,24,24,40.1218
auto,5,1,15,2,14;11;4;3;1;3,41;34;10;6;2,23,23,41.7778
auto,1,1,16,1,8;6;2;1;2,22;16;4;1,18,18,37.6472
auto,2,1,16,2,18;7;8;6;2;1;2,55;18;20;16;4;1,21,21,38.1326
auto,1,1,17,1,10;9;5;4;3;1;3,30;25;13;9;6;2,26,26,43.0419
auto,4,1,17,2,16;8;6;2;1;2,49;22;16;4;1,20,20,46.7933
auto,1,1,18,1,7;8;6;2;1;2,18;20;16;4;1,18,18,34.9552
auto,1,1,19,1,15;10;9;5;4;3;1;3,45;28;25;13;9;6;2,27,27,44.4481
auto,5,1,19,2,15;14;11;4;3;1;3,45;41;34;10;6;2,26,26,46.1041
auto,1,1,20,1,18;7;8;6;2;1;2,56;18;20;16;4;1,22,22,39.2259
auto,1,1,21,1,24;13;12;3;1;3,75;39;37;7;2,18,18,39.5231
auto,1,1,22,1,21;24;13;12;3;1;3,65;75;39;37;7;2,20,20,43.8457
auto,2,1,22,2,23;24;13;12;3;1;3,72;76;39;37;7;2,21,21,44.3114
auto,1,1,23,1,24;13;12;3;1;3,76;39;37;7;2,17,17,32.0872
auto,1,1,24,1,13;12;3;1;3,39;37;7;2,15,15,28.3665
auto,1,2,1,1,2;1,3,6,6,6.00091
auto,1,2,3,1,1;2;1,2;3,10,10,10.0099
auto,1,2,4,1,3;1;2;1,6;2;3,14,14,14.315
auto,1,2,5,1,6;2;6,15;4,9,9,16.6546
auto,6,2,5,2,4;3;1;2;1,9;6;2;3,16,16,16.6577
auto,1,2,6,1,2;6,4,5,5,6.58378
auto,1,2,7,1,8;6;2;6,20;16;4,10,10,26.8929
auto,1,2,8,1,6;2;6,16;4,7,7,21.2205
auto,1,2,9,1,5;6;2;6,13;15;4,14,14,26.5645
auto,6,2,9,2,5;4;3;1;2;1,13;9;6;2;3,21,21,26.5675
auto,1,2,10,1,9;5;6;2;6,25;13;15;4,17,17,32.2872
auto,6,2,10,2,9;5;4;3;1;2;1,25;13;9;6;2;3,24,24,32.2902
auto,1,2,11,1,4;3;1;2;1,10;6;2;3,20,20,21.8559
auto,1,2,12,1,3;1;2;1,7;2;3,14,14,14.035
auto,1,2,13,1,12;3;1;2;1,37;7;2;3,17,17,17.0629
auto,1,2,14,1,11;4;3;1;2;1,34;10;6;2;3,24,24,35.6058
auto,1,2,15,1,10;9;5;6;2;6,28;25;13;15;4,23,23,46.1197
auto,6,2,15,2,10;9;5;4;3;1;2;1,28;25;13;9;6;2;3,30,30,46.1227
auto,1,2,16,1,8;6;2;6,22;16;4,12,12,31.6463
auto,2,2,16,2,18;7;8;6;2;6,55;18;20;16;4,15,15,32.1318
auto,1,2,17,1,16;8;6;2;6,49;22;16;4,14,14,40.7924
auto,2,2,17,2,16;18;7;8;6;2;6,49;55;18;20;16;4,17,17,41.2779
auto,1,2,19,1,20;18;7;8;6;2;6,61;56;18;20;16;4,20,20,42.6312
auto,1,2,20,1,18;7;8;6;2;6,56;18;20;16;4,16,16,33.225
auto,1,2,22,1,20;18;7;8;6;2;6,63;56;18;20;16;4,21,21,41.1584
auto,1,3,1,1,3;1,5,4,4,4.00884
auto,1,3,2,1,1;3;1,1;5,10,10,10.0097
auto,1,3,4,1,3;4,6,4,4,4.30502
auto,1,3,5,1,4;3;4,9;6,6,6,6.64774
auto,1,3,6,1,5;4;3;4,12;9;6,10,10,16.4298
auto,5,3,6,2,2;1;3;1,4;1;5,15,15,16.5935
auto,1,3,7,1,8;6;5;4;3;4,20;16;12;9;6,15,15,36.739
auto,3,3,7,2,8;9;5;4;3;4,20;24;13;9;6,24,24,37.4838
auto,5,3,7,3,8;6;2;1;3;1,20;16;4;1;5,20,20,36.9027
auto,1,3,8,1,6;5;4;3;4,16;12;9;6,12,12,31.0665
auto,3,3,8,2,9;5;4;3;4,24;13;9;6,21,21,31.8113
auto,5,3,8,3,6;2;1;3;1,16;4;1;5,17,17,31.2302
auto,1,3,9,1,5;4;3;4,13;9;6,11,11,16.5576
auto,1,3,10,1,9;5;4;3;4,25;13;9;6,14,14,22.2803
auto,1,3,11,1,4;3;4,10;6,10,10,11.846
auto,1,3,12,1,3;12,7,4,4,4.02509
auto,1,3,13,1,12;3;12,37;7,7,7,7.05297
auto,1,3,14,1,11;4;3;4,34;10;6,14,14,25.5959
auto,1,3,15,1,10;9;5;4;3;4,28;25;13;9;6,20,20,36.1128
auto,5,3,15,2,14;11;4;3;4,41;34;10;6,19,19,37.7687
auto,1,3,16,1,8;6;5;4;3;4,22;16;12;9;6,17,17,41.4923
auto,2,3,16,2,10;9;5;4;3;4,29;25;13;9;6,18,18,42.2868
auto,3,3,16,3,8;9;5;4;3;4,22;24;13;9;6,26,26,42.2371
auto,5,3,16,4,8;6;2;1;3;1,22;16;4;1;5,22,22,41.656
auto,15,3,16,5,18;7;8;6;5;4;3;4,55;18;20;16;12;9;6,20,20,41.9778
auto,1,3,17,1,10;9;5;4;3;4,30;25;13;9;6,22,22,39.0329
auto,1,3,22,1,21;24;13;12;3;12,65;75;39;37;7,16,16,39.8367
auto,2,3,22,2,23;24;13;12;3;12,72;76;39;37;7,17,17,40.3024
auto,1,3,23,1,24;13;12;3;12,76;39;37;7,13,13,28.0782
auto,1,4,1,1,3;4;3,5;8,8,8,8.31758
auto,1,4,2,1,1;3;4;3,1;5;8,14,14,14.3185
auto,1,4,3,1,4;3,8,4,4,4.30874
auto,1,4,5,1,4;5,9,2,2,2.34271
auto,1,4,6,1,5;4;5,12;9,6,6,12.1248
auto,1,4,7,1,8;6;5;4;5,20;16;12;9,11,11,32.4339
auto,3,4,7,2,8;9;5;4;5,20;24;13;9,20,20,33.1787
auto,1,4,8,1,6;5;4;5,16;12;9,8,8,26.7615
auto,3,4,8,2,9;5;4;5,24;13;9,17,17,27.5063
auto,1,4,9,1,5;4;5,13;9,7,7,12.2525
auto,1,4,10,1,9;5;4;5,25;13;9,10,10,17.9753
auto,1,4,11,1,4;11,10,6,6,7.54094
auto,1,4,12,1,3;4;3,7;8,8,8,8.33383
auto,1,4,13,1,12;3;4;3,37;7;8,11,11,11.3617
auto,1,4,14,1,11;4;11,34;10,10,10,21.2909
auto,1,4,15,1,10;9;5;4;5,28;25;13;9,16,16,31.8078
auto,5,4,15,2,14;11;4;11,41;34;10,15,15,33.4637
auto,1,4,16,1,8;6;5;4;5,22;16;12;9,13,13,37.1873
auto,2,4,16,2,10;9;5;4;5,29;25;13;9,14,14,37.9818
auto,3,4,16,3,8;9;5;4;5,22;24;13;9,22,22,37.9321
auto,15,4,16,4,18;7;8;6;5;4;5,55;18;20;16;12;9,16,16,37.6728
auto,1,4,17,1,10;9;5;4;5,30;25;13;9,18,18,34.7279
auto,1,4,18,1,7;8;6;5;4;5,18;20;16;12;9,13,13,34.4954
auto,3,4,18,2,7;8;9;5;4;5,18;20;24;13;9,22,22,35.2402
auto,1,4,19,1,15;10;9;5;4;5,45;28;25;13;9,19,19,36.1341
auto,5,4,19,2,15;14;11;4;11,45;41;34;10,18,18,37.79
auto,1,4,20,1,18;7;8;6;5;4;5,56;18;20;16;12;9,17,17,38.766
auto,3,4,20,2,18;7;8;9;5;4;5,56;18;20;24;13;9,26,26,39.5108
auto,1,4,21,1,24;13;12;3;4;3,75;39;37;7;8,18,18,39.8228
auto,1,4,22,1,15;10;9;5;4;5,46;28;25;13;9,19,19,40.8406
auto,5,4,22,2,15;14;11;4;11,46;41;34;10,18,18,42.4965
auto,1,4,23,1,14;11;4;11,42;34;10,14,14,30.0169
auto,1,4,24,1,13;12;3;4;3,39;37;7;8,15,15,28.6663
auto,1,5,1,1,3;4;5;4,5;8;11,10,10,10.6701
auto,1,5,2,1,6;5;6,14;12,9,9,16.4096
auto,5,5,2,2,1;3;4;5;4,1;5;8;11,16,16,16.6709
auto,1,5,3,1,4;5;4,8;11,6,6,6.66123
auto,1,5,4,1,5;4,11,2,2,2.35248
auto,1,5,6,1,5;6,12,4,4,9.78206
auto,1,5,7,1,8;6;5;6,20;16;12,9,9,30.0912
auto,3,5,7,2,8;9;5;9,20;24;13,18,18,30.836
auto,1,5,8,1,6;5;6,16;12,6,6,24.4188
auto,3,5,8,2,9;5;9,24;13,15,15,25.1636
auto,1,5,9,1,5;9,13,5,5,9.90982
auto,1,5,10,1,9;5;9,25;13,8,8,15.6326
auto,1,5,11,1,4;5;4,10;11,8,8,9.89343
auto,1,5,12,1,3;4;5;4,7;8;11,10,10,10.6863
auto,1,5,13,1,12;3;4;5;4,37;7;8;11,13,13,13.7142
auto,1,5,14,1,11;4;5;4,34;10;11,12,12,23.6434
auto,1,5,15,1,10;9;5;9,28;25;13,14,14,29.4651
auto,1,5,16,1,8;6;5;6,22;16;12,11,11,34.8446
auto,2,5,16,2,10;9;5;9,29;25;13,12,12,35.6391
auto,3,5,16,3,8;9;5;9,22;24;13,20,20,35.5894
auto,15,5,16,4,18;7;8;6;5;6,55;18;20;16;12,14,14,35.33
auto,1,5,17,1,10;9;5;9,30;25;13,16,16,32.3851
auto,1,5,19,1,15;10;9;5;9,45;28;25;13,17,17,33.7914
auto,1,5,20,1,18;7;8;6;5;6,56;18;20;16;12,15,15,36.4233
auto,3,5,20,2,18;7;8;9;5;9,56;18;20;24;13,24,24,37.1681
auto,1,5,21,1,24;13;12;3;4;5;4,75;39;37;7;8;11,20,20,42.1753
auto,7,5,21,2,22;15;10;9;5;9,69;46;28;25;13,19,19,42.7246
auto,1,5,22,1,15;10;9;5;9,46;28;25;13,17,17,38.4979
auto,1,5,23,1,14;11;4;5;4,42;34;10;11,16,16,32.3694
auto,1,6,1,1,2;6;2,3;14,11,11,12.6285
auto,1,6,2,1,6;2,14,5,5,6.62755
auto,1,6,3,1,1;2;6;2,2;3;14,15,15,16.6375
auto,2,6,3,2,4;5;6;5,8;11;15,10,10,16.7321
auto,1,6,4,1,5;6;5,11;15,6,6,12.4234
auto,1,6,5,1,6;5,15,4,4,10.0709
auto,1,6,7,1,8;6;8,20;16,5,5,20.3092
auto,1,6,8,1,6;8,16,2,2,14.6367
auto,1,6,9,1,5;6;5,13;15,9,9,19.9807
auto,1,6,10,1,9;5;6;5,25;13;15,12,12,25.7034
auto,1,6,11,1,4;5;6;5,10;11;15,12,12,19.9643
auto,1,6,12,1,3;1;2;6;2,7;2;3;14,19,19,20.6626
auto,2,6,12,2,3;4;5;6;5,7;8;11;15,14,14,20.7572
auto,1,6,13,1,12;3;1;2;6;2,37;7;2;3;14,22,22,23.6905
auto,2,6,13,2,12;3;4;5;6;5,37;7;8;11;15,17,17,23.7851
auto,1,6,14,1,11;4;5;6;5,34;10;11;15,16,16,33.7142
auto,1,6,15,1,10;9;5;6;5,28;25;13;15,18,18,39.5359
auto,1,6,16,1,8;6;8,22;16,7,7,25.0625
auto,2,6,16,2,18;7;8;6;8,55;18;20;16,10,10,25.548
auto,1,6,17,1,16;8;6;8,49;22;16,9,9,34.2086
auto,2,6,17,2,16;18;7;8;6;8,49;55;18;20;16,12,12,34.6941
auto,1,6,18,1,7;8;6;8,18;20;16,7,7,22.3706
auto,1,6,19,1,20;18;7;8;6;8,61;56;18;20;16,15,15,36.0474
auto,1,6,20,1,18;7;8;6;8,56;18;20;16,11,11,26.6412
auto,1,6,21,1,20;18;7;8;6;8,62;56;18;20;16,17,17,34.9454
auto,1,6,22,1,20;18;7;8;6;8,63;56;18;20;16,16,16,34.5746
auto,1,6,23,1,14;11;4;5;6;5,42;34;10;11;15,20,20,42.4403
auto,1,6,24,1,13;12;3;1;2;6;2,39;37;7;2;3;14,26,26,40.995
auto,2,6,24,2,13;12;3;4;5;6;5,39;37;7;8;11;15,21,21,41.0896
auto,1,7,1,1,2;6;8;7;8,3;14;19;17,16,16,33.5816
auto,1,7,2,1,6;8;7;8,14;19;17,10,10,27.5806
auto,1,7,3,1,4;5;9;8;7;8,8;11;23;21;17,24,24,37.3405
auto,2,7,3,2,4;5;6;8;7;8,8;11;15;19;17,15,15,37.6852
auto,4,7,3,3,1;2;6;8;7;8,2;3;14;19;17,20,20,37.5906
auto,1,7,4,1,5;9;8;7;8,11;23;21;17,20,20,33.0317
auto,2,7,4,2,5;6;8;7;8,11;15;19;17,11,11,33.3764
auto,1,7,5,1,9;8;7;8,23;21;17,18,18,30.6793
auto,2,7,5,2,6;8;7;8,15;19;17,9,9,31.024
auto,1,7,6,1,8;7;8,19;17,5,5,20.9531
auto,1,7,8,1,7;8,17,3,3,5.7072
auto,1,7,9,1,8;7;8,21;17,13,13,20.7414
auto,1,7,10,1,16;18;7;18,48;55;18,9,9,25.2939
auto,1,7,11,1,10;16;18;7;18,27;48;55;18,14,14,37.4746
auto,7,7,11,2,4;5;6;8;7;8,10;11;15;19;17,17,17,40.9174
auto,1,7,12,1,3;4;5;9;8;7;8,7;8;11;23;21;17,28,28,41.3656
auto,2,7,12,2,3;4;5;6;8;7;8,7;8;11;15;19;17,19,19,41.7103
auto,4,7,12,3,3;1;2;6;8;7;8,7;2;3;14;19;17,24,24,41.6157
auto,1,7,13,1,24;21;20;18;7;18,74;66;62;56;18,19,19,43.3436
auto,2,7,13,2,12;3;4;5;6;8;7;8,37;7;8;11;15;19;17,22,22,44.7382
auto,1,7,14,1,15;19;20;18;7;18,44;57;61;56;18,18,18,32.2597
auto,9,7,14,2,23;22;20;18;7;18,71;70;63;56;18,19,19,35.9048
auto,1,7,15,1,19;20;18;7;18,57;61;56;18,13,13,20.0726
auto,1,7,16,1,18;7;18,55;18,5,5,5.23882
auto,1,7,17,1,16;18;7;18,49;55;18,7,7,14.3849
auto,1,7,18,1,7;18,18,2,2,2.06142
auto,1,7,19,1,20;18;7;18,61;56;18,10,10,15.7383
auto,1,7,20,1,18;7;18,56;18,6,6,6.33206
auto,1,7,21,1,20;18;7;18,62;56;18,12,12,14.6362
auto,1,7,22,1,20;18;7;18,63;56;18,11,11,14.2655
auto,1,7,23,1,22;20;18;7;18,70;63;56;18,15,15,27.0458
auto,1,7,24,1,21;20;18;7;18,66;62;56;18,15,15,25.8894
auto,1,8,1,1,2;6;8;6,3;14;19,13,13,27.8744
auto,1,8,2,1,6;8;6,14;19,7,7,21.8734
auto,1,8,3,1,4;5;9;8;9,8;11;23;21,21,21,31.6333
auto,2,8,3,2,4;5;6;8;6,8;11;15;19,12,12,31.978
auto,4,8,3,3,1;2;6;8;6,2;3;14;19,17,17,31.8834
auto,1,8,4,1,5;9;8;9,11;23;21,17,17,27.3245
auto,2,8,4,2,5;6;8;6,11;15;19,8,8,27.6692
auto,1,8,5,1,9;8;9,23;21,15,15,24.9721
auto,2,8,5,2,6;8;6,15;19,6,6,25.3168
auto,1,8,6,1,8;6,19,2,2,15.2459
auto,1,8,7,1,8;7,20,3,3,5.67246
auto,1,8,9,1,8;9,21,10,10,15.0342
auto,1,8,10,1,9;8;9,25;21,13,13,20.7569
auto,1,8,11,1,10;9;8;9,27;25;21,18,18,32.9377
auto,2,8,11,2,4;5;6;8;6,10;11;15;19,14,14,35.2102
auto,1,8,12,1,3;4;5;9;8;9,7;8;11;23;21,25,25,35.6584
auto,2,8,12,2,3;4;5;6;8;6,7;8;11;15;19,16,16,36.0031
auto,4,8,12,3,3;1;2;6;8;6,7;2;3;14;19,21,21,35.9085
auto,1,8,13,1,12;3;4;5;9;8;9,37;7;8;11;23;21,28,28,38.6863
auto,2,8,13,2,12;3;4;5;6;8;6,37;7;8;11;15;19,19,19,39.031
auto,4,8,13,3,12;3;1;2;6;8;6,37;7;2;3;14;19,24,24,38.9363
auto,1,8,14,1,15;19;20;18;7;8;7,44;57;61;56;18;20,21,21,37.9322
auto,9,8,14,2,23;22;20;18;7;8;7,71;70;63;56;18;20,22,22,41.5772
auto,1,8,15,1,19;20;18;7;8;7,57;61;56;18;20,16,16,25.7451
auto,1,8,16,1,8;16,22,5,5,10.4258
auto,2,8,16,2,18;7;8;7,55;18;20,8,8,10.9113
auto,1,8,17,1,16;8;16,49;22,7,7,19.5719
auto,2,8,17,2,16;18;7;8;7,49;55;18;20,10,10,20.0574
auto,1,8,18,1,7;8;7,18;20,5,5,7.73388
auto,1,8,19,1,20;18;7;8;7,61;56;18;20,13,13,21.4107
auto,1,8,20,1,18;7;8;7,56;18;20,9,9,12.0045
auto,1,8,21,1,20;18;7;8;7,62;56;18;20,15,15,20.3087
auto,1,8,22,1,20;18;7;8;7,63;56;18;20,14,14,19.9379
auto,1,8,23,1,22;20;18;7;8;7,70;63;56;18;20,18,18,32.7182
auto,1,8,24,1,21;20;18;7;8;7,66;62;56;18;20,18,18,31.5618
auto,1,9,1,1,3;4;5;9;5,5;8;11;23,15,15,20.6079
auto,1,9,2,1,6;5;9;5,14;12;23,14,14,26.3475
auto,5,9,2,2,1;3;4;5;9;5,1;5;8;11;23,21,21,26.6088
auto,1,9,3,1,4;5;9;5,8;11;23,11,11,16.5991
auto,1,9,4,1,5;9;5,11;23,7,7,12.2904
auto,1,9,5,1,9;5,23,5,5,9.93787
auto,1,9,6,1,5;9;5,12;23,9,9,19.7199
auto,1,9,7,1,8;9;8,20;24,13,13,20.9262
auto,1,9,8,1,9;8,24,10,10,15.2538
auto,1,9,10,1,9;10,25,3,3,5.72276
auto,1,9,11,1,10;9;10,27;25,8,8,17.9035
auto,1,9,12,1,3;4;5;9;5,7;8;11;23,15,15,20.6242
auto,1,9,13,1,12;3;4;5;9;5,37;7;8;11;23,18,18,23.6521
auto,1,9,14,1,11;10;9;10,34;27;25,12,12,31.6535
auto,2,9,14,2,15;10;9;10,44;28;25,14,14,31.7424
auto,1,9,15,1,10;9;10,28;25,9,9,19.5552
auto,1,9,16,1,8;9;8,22;24,15,15,25.6796
auto,2,9,16,2,10;9;10,29;25,7,7,25.7292
auto,1,9,17,1,10;9;10,30;25,11,11,22.4753
auto,1,9,18,1,7;8;9;8,18;20;24,15,15,22.9876
auto,1,9,19,1,15;10;9;10,45;28;25,12,12,23.8815
auto,1,9,20,1,18;7;8;9;8,56;18;20;24,19,19,27.2583
auto,1,9,21,1,22;15;10;9;10,69;46;28;25,14,14,32.8148
auto,1,9,22,1,15;10;9;10,46;28;25,12,12,28.5881
auto,1,9,23,1,22;15;10;9;10,70;46;28;25,16,16,41.3683
auto,3,9,23,2,14;11;10;9;10,42;34;27;25,16,16,40.3795
auto,5,9,23,3,14;15;10;9;10,42;44;28;25,18,18,40.4684
auto,1,9,24,1,13;12;3;4;5;9;5,39;37;7;8;11;23,22,22,40.9566
auto,1,10,1,1,3;4;5;9;10;9,5;8;11;23;26,18,18,26.4299
auto,1,10,2,1,6;5;9;10;9,14;12;23;26,17,17,32.1694
auto,5,10,2,2,1;3;4;5;9;10;9,1;5;8;11;23;26,24,24,32.4308
auto,1,10,3,1,4;5;9;10;9,8;11;23;26,14,14,22.4211
auto,1,10,4,1,5;9;10;9,11;23;26,10,10,18.1123
auto,1,10,5,1,9;10;9,23;26,8,8,15.7598
auto,1,10,6,1,5;9;10;9,12;23;26,12,12,25.5419
auto,1,10,7,1,18;16;10;16,54;50;29,9,9,25.2445
auto,3,10,7,2,8;9;10;9,20;24;26,16,16,26.7482
auto,1,10,8,1,9;10;9,24;26,13,13,21.0757
auto,1,10,9,1,10;9,26,3,3,5.82196
auto,1,10,11,1,10;11,27,5,5,12.1808
auto,1,10,12,1,11;10;11,33;27,11,11,25.677
auto,2,10,12,2,3;4;5;9;10;9,7;8;11;23;26,18,18,26.4461
auto,1,10,13,1,12;11;10;11,37;33;27,14,14,28.7048
auto,2,10,13,2,12;3;4;5;9;10;9,37;7;8;11;23;26,21,21,29.474
auto,1,10,14,1,11;10;11,34;27,9,9,25.9307
auto,2,10,14,2,15;10;15,44;28,11,11,26.0196
auto,1,10,15,1,10;15,28,6,6,13.8325
auto,1,10,16,1,10;16,29,4,4,20.0065
auto,1,10,17,1,10;17,30,8,8,16.7526
auto,1,10,18,1,16;10;16,50;29,7,7,23.1825
auto,1,10,19,1,15;10;15,45;28,9,9,18.1588
auto,1,10,20,1,19;15;10;15,59;45;28,13,13,27.6368
auto,2,10,20,2,18;16;10;16,56;50;29,11,11,27.4531
auto,1,10,21,1,22;15;10;15,69;46;28,11,11,27.0921
auto,1,10,22,1,15;10;15,46;28,9,9,22.8653
auto,1,10,23,1,22;15;10;15,70;46;28,13,13,35.6456
auto,3,10,23,2,14;11;10;11,42;34;27,13,13,34.6568
auto,5,10,23,3,14;15;10;15,42;44;28,15,15,34.7457
auto,1,10,24,1,21;22;15;10;15,66;69;46;28,14,14,38.3452
auto,2,10,24,2,23;22;15;10;15,73;70;46;28,15,15,39.4566
auto,14,10,24,3,23;14;15;10;15,73;42;44;28,17,17,38.5567
auto,1,11,1,1,3;4;11;4,5;8;31,14,14,15.8742
auto,1,11,2,1,1;3;4;11;4,1;5;8;31,20,20,21.8751
auto,1,11,3,1,4;11;4,8;31,10,10,11.8653
auto,1,11,4,1,11;4,31,6,6,7.55659
auto,1,11,5,1,4;11;4,9;31,8,8,9.89931
auto,1,11,6,1,5;4;11;4,12;9;31,12,12,19.6814
auto,1,11,7,1,18;16;10;11;10,54;50;29;32,14,14,37.5294
auto,3,11,7,2,8;9;10;11;10,20;24;26;32,21,21,39.033
auto,1,11,8,1,6;5;4;11;4,16;12;9;31,14,14,34.3181
auto,2,11,8,2,9;10;11;10,24;26;32,18,18,33.3606
auto,1,11,9,1,10;11;10,26;32,8,8,18.1068
auto,1,11,10,1,11;10,32,5,5,12.2849
auto,1,11,12,1,11;12,33,6,6,13.4962
auto,1,11,13,1,12;11;12,37;33,9,9,16.5241
auto,1,11,14,1,11;14,34,4,4,13.75
auto,1,11,15,1,14;11;14,41;34,9,9,25.9228
auto,2,11,15,2,10;11;10,28;32,11,11,26.1173
auto,1,11,16,1,10;11;10,29;32,9,9,32.2913
auto,1,11,17,1,10;11;10,30;32,13,13,29.0374
auto,1,11,18,1,16;10;11;10,50;29;32,12,12,35.4673
auto,1,11,19,1,15;14;11;14,45;41;34,12,12,30.2491
auto,2,11,19,2,15;10;11;10,45;28;32,14,14,30.4436
auto,1,11,20,1,19;15;14;11;14,59;45;41;34,16,16,39.7271
auto,2,11,20,2,18;16;10;11;10,56;50;29;32,16,16,39.738
auto,3,11,20,3,19;15;10;11;10,59;45;28;32,18,18,39.9217
auto,1,11,21,1,24;23;14;11;14,75;73;42;34,13,13,37.4436
auto,4,11,21,2,22;15;10;11;10,69;46;28;32,16,16,39.3769
auto,9,11,21,3,22;15;14;11;14,69;46;41;34,14,14,39.1823
auto,1,11,22,1,15;14;11;14,46;41;34,12,12,34.9556
auto,2,11,22,2,15;10;11;10,46;28;32,14,14,35.1502
auto,3,11,22,3,23;14;11;14,72;42;34,12,12,34.7002
auto,1,11,23,1,14;11;14,42;34,8,8,22.476
auto,1,11,24,1,23;14;11;14,73;42;34,10,10,26.287
auto,1,12,1,1,3;12;3,5;35,8,8,8.03313
auto,1,12,2,1,1;3;12;3,1;5;35,14,14,14.034
auto,1,12,3,1,12;3,35,4,4,4.02429
auto,1,12,4,1,3;12;3,6;35,8,8,8.32932
auto,1,12,5,1,4;3;12;3,9;6;35,10,10,10.672
auto,1,12,6,1,5;4;3;12;3,12;9;6;35,14,14,20.4541
auto,5,12,6,2,2;1;3;12;3,4;1;5;35,19,19,20.6178
auto,1,12,7,1,8;6;5;4;3;12;3,20;16;12;9;6;35,19,19,40.7633
auto,3,12,7,2,8;9;5;4;3;12;3,20;24;13;9;6;35,28,28,41.5081
auto,5,12,7,3,8;6;2;1;3;12;3,20;16;4;1;5;35,24,24,40.927
auto,1,12,8,1,6;5;4;3;12;3,16;12;9;6;35,16,16,35.0908
auto,3,12,8,2,9;5;4;3;12;3,24;13;9;6;35,25,25,35.8356
auto,5,12,8,3,6;2;1;3;12;3,16;4;1;5;35,21,21,35.2545
auto,1,12,9,1,5;4;3;12;3,13;9;6;35,15,15,20.5818
auto,1,12,10,1,11;12;11,32;36,11,11,26.2058
auto,3,12,10,2,9;5;4;3;12;3,25;13;9;6;35,18,18,26.3046
auto,1,12,11,1,12;11,36,6,6,13.9209
auto,1,12,13,1,12;13,37,3,3,3.02789
auto,1,12,14,1,11;12;11,34;36,10,10,27.6709
auto,1,12,15,1,14;11;12;11,41;34;36,15,15,39.8437
auto,2,12,15,2,10;11;12;11,28;32;36,17,17,40.0383
auto,3,12,15,3,10;9;5;4;3;12;3,28;25;13;9;6;35,24,24,40.1371
auto,1,12,16,1,8;6;5;4;3;12;3,22;16;12;9;6;35,21,21,45.5166
auto,2,12,16,2,10;11;12;11,29;32;36,15,15,46.2123
auto,3,12,16,3,8;9;5;4;3;12;3,22;24;13;9;6;35,30,30,46.2614
auto,5,12,16,4,8;6;2;1;3;12;3,22;16;4;1;5;35,26,26,45.6803
auto,7,12,16,5,10;9;5;4;3;12;3,29;25;13;9;6;35,22,22,46.3111
auto,1,12,17,1,10;11;12;11,30;32;36,19,19,42.9584
auto,3,12,17,2,10;9;5;4;3;12;3,30;25;13;9;6;35,26,26,43.0572
auto,1,12,18,1,7;8;6;5;4;3;12;3,18;20;16;12;9;6;35,21,21,42.8247
auto,3,12,18,2,20;21;24;13;12;13,60;64;75;39;37,20,20,43.8925
auto,7,12,18,3,7;8;9;5;4;3;12;3,18;20;24;13;9;6;35,30,30,43.5695
auto,11,12,18,4,7;8;6;2;1;3;12;3,18;20;16;4;1;5;35,26,26,42.9884
auto,1,12,19,1,15;14;11;12;11,45;41;34;36,18,18,44.17
auto,2,12,19,2,15;10;11;12;11,45;28;32;36,20,20,44.3646
auto,3,12,19,3,15;10;9;5;4;3;12;3,45;28;25;13;9;6;35,27,27,44.4634
auto,1,12,20,1,21;24;13;12;13,64;75;39;37,16,16,39.6235
auto,1,12,21,1,24;13;12;13,75;39;37,10,10,31.489
auto,1,12,22,1,21;24;13;12;13,65;75;39;37,12,12,35.8116
auto,2,12,22,2,23;24;13;12;13,72;76;39;37,13,13,36.2773
auto,1,12,23,1,24;13;12;13,76;39;37,9,9,24.0531
auto,1,12,24,1,13;12;13,39;37,7,7,20.3324
auto,1,13,1,1,3;12;13;12,5;35;38,11,11,11.0622
auto,1,13,2,1,1;3;12;13;12,1;5;35;38,17,17,17.063
auto,1,13,3,1,12;13;12,35;38,7,7,7.05333
auto,1,13,4,1,3;12;13;12,6;35;38,11,11,11.3583
auto,1,13,5,1,4;3;12;13;12,9;6;35;38,13,13,13.7011
auto,1,13,6,1,5;4;3;12;13;12,12;9;6;35;38,17,17,23.4831
auto,5,13,6,2,2;1;3;12;13;12,4;1;5;35;38,22,22,23.6468
auto,1,13,7,1,8;6;5;4;3;12;13;12,20;16;12;9;6;35;38,22,22,43.7923
auto,2,13,7,2,18;20;21;24;13;24,54;60;64;75;39,19,19,42.9267
auto,1,13,8,1,6;5;4;3;12;13;12,16;12;9;6;35;38,19,19,38.1198
auto,3,13,8,2,9;5;4;3;12;13;12,24;13;9;6;35;38,28,28,38.8646
auto,5,13,8,3,6;2;1;3;12;13;12,16;4;1;5;35;38,24,24,38.2835
auto,1,13,9,1,5;4;3;12;13;12,13;9;6;35;38,18,18,23.6109
auto,1,13,10,1,11;12;13;12,32;36;38,14,14,29.2348
auto,3,13,10,2,9;5;4;3;12;13;12,25;13;9;6;35;38,21,21,29.3336
auto,1,13,11,1,12;13;12,36;38,9,9,16.95
auto,1,13,12,1,13;12,38,3,3,3.02903
auto,1,13,14,1,11;12;13;12,34;36;38,13,13,30.6999
auto,2,13,14,2,23;24;13;24,71;76;39,10,10,29.8842
auto,1,13,15,1,22;21;24;13;24,67;65;75;39,12,12,41.7765
auto,2,13,15,2,22;23;24;13;24,67;72;76;39,13,13,42.2423
auto,7,13,15,3,14;23;24;13;24,41;71;76;39,15,15,42.057
auto,14,13,15,4,10;11;12;13;12,28;32;36;38,20,20,43.0673
auto,18,13,15,5,14;11;12;13;12,41;34;36;38,18,18,42.8727
auto,1,13,16,1,18;20;21;24;13;24,55;60;64;75;39,20,20,44.042
auto,1,13,17,1,10;11;12;13;12,30;32;36;38,22,22,45.9874
auto,3,13,17,2,10;9;5;4;3;12;13;12,30;25;13;9;6;35;38,29,29,46.0862
auto,1,13,18,1,20;21;24;13;24,60;64;75;39,17,17,40.8646
auto,1,13,19,1,15;22;21;24;13;24,45;67;65;75;39,15,15,46.1028
auto,2,13,19,2,15;22;23;24;13;24,45;67;72;76;39,16,16,46.5686
auto,7,13,19,3,15;14;23;24;13;24,45;41;71;76;39,18,18,46.3833
auto,14,13,19,4,15;10;11;12;13;12,45;28;32;36;38,23,23,47.3936
auto,18,13,19,5,15;14;11;12;13;12,45;41;34;36;38,21,21,47.199
auto,1,13,20,1,21;24;13;24,64;75;39,13,13,36.5956
auto,1,13,21,1,24;13;24,75;39,7,7,28.4611
auto,1,13,22,1,21;24;13;24,65;75;39,9,9,32.7837
auto,2,13,22,2,23;24;13;24,72;76;39,10,10,33.2494
auto,1,13,23,1,24;13;24,76;39,6,6,21.0252
auto,1,13,24,1,13;24,39,4,4,17.3045
auto,1,14,1,1,3;4;11;14;11,5;8;31;40,18,18,29.8731
auto,1,14,2,1,1;3;4;11;14;11,1;5;8;31;40,24,24,35.874
auto,1,14,3,1,4;11;14;11,8;31;40,14,14,25.8643
auto,1,14,4,1,11;14;11,31;40,10,10,21.5555
auto,1,14,5,1,4;11;14;11,9;31;40,12,12,23.8982
auto,1,14,6,1,5;4;11;14;11,12;9;31;40,16,16,33.6803
auto,1,14,7,1,18;20;19;15;14;15,54;60;59;45;41,18,18,32.3082
auto,1,14,8,1,7;18;20;19;15;14;15,17;54;60;59;45;41,21,21,38.0154
auto,1,14,9,1,10;15;14;15,26;43;41,14,14,31.9546
auto,2,14,9,2,10;11;14;11,26;32;40,12,12,32.1057
auto,1,14,10,1,15;14;15,43;41,11,11,26.1327
auto,2,14,10,2,11;14;11,32;40,9,9,26.2838
auto,1,14,11,1,14;11,40,4,4,13.9989
auto,1,14,12,1,11;14;11,33;40,10,10,27.4951
auto,1,14,13,1,24;23;14;23,74;73;42,10,10,29.9913
auto,6,14,13,2,12;11;14;11,37;33;40,13,13,30.523
auto,1,14,15,1,14;15,41,5,5,12.1728
auto,1,14,16,1,17;19;15;14;15,52;58;45;41,12,12,32.9817
auto,1,14,17,1,19;15;14;15,58;45;41,10,10,23.8059
auto,1,14,18,1,20;19;15;14;15,60;59;45;41,16,16,30.2462
auto,1,14,19,1,15;14;15,45;41,8,8,16.4991
auto,1,14,20,1,19;15;14;15,59;45;41,12,12,25.9772
auto,1,14,21,1,24;23;14;23,75;73;42,9,9,23.6936
auto,9,14,21,2,22;15;14;15,69;46;41,10,10,25.4324
auto,1,14,22,1,15;14;15,46;41,8,8,21.2056
auto,2,14,22,2,23;14;23,72;42,8,8,20.9503
auto,1,14,23,1,14;23,42,4,4,8.72605
auto,1,14,24,1,23;14;23,73;42,6,6,12.5371
auto,1,15,1,1,3;4;5;9;10;15;10,5;8;11;23;26;43,24,24,40.3897
auto,1,15,2,1,6;5;9;10;15;10,14;12;23;26;43,23,23,46.1293
auto,2,15,2,2,6;8;7;18;20;19;15;19,14;19;17;54;60;59;45,23,23,47.716
auto,5,15,2,3,1;3;4;5;9;10;15;10,1;5;8;11;23;26;43,30,30,46.3906
auto,1,15,3,1,4;5;9;10;15;10,8;11;23;26;43,20,20,36.3809
auto,1,15,4,1,5;9;10;15;10,11;23;26;43,16,16,32.0722
auto,1,15,5,1,9;10;15;10,23;26;43,14,14,29.7197
auto,1,15,6,1,5;9;10;15;10,12;23;26;43,18,18,39.5017
auto,2,15,6,2,8;7;18;20;19;15;19,19;17;54;60;59;45,18,18,41.0885
auto,1,15,7,1,18;20;19;15;19,54;60;59;45,13,13,20.1354
auto,1,15,8,1,7;18;20;19;15;19,17;54;60;59;45,16,16,25.8426
auto,1,15,9,1,10;15;10,26;43,9,9,19.7818
auto,1,15,10,1,15;10,43,6,6,13.9599
auto,1,15,11,1,10;15;10,27;43,11,11,26.1406
auto,2,15,11,2,14;15;14,40;44,9,9,26.186
auto,1,15,12,1,11;10;15;10,33;27;43,17,17,39.6368
auto,2,15,12,2,11;14;15;14,33;40;44,15,15,39.6822
auto,10,15,12,3,3;4;5;9;10;15;10,7;8;11;23;26;43,24,24,40.406
auto,1,15,13,1,24;21;22;15;22,74;66;69;46,12,12,41.9669
auto,2,15,13,2,24;23;22;15;22,74;73;70;46,13,13,43.0783
auto,6,15,13,3,12;11;10;15;10,37;33;27;43,20,20,42.6647
auto,14,15,13,4,24;23;14;15;14,74;73;42;44,15,15,42.1784
auto,1,15,14,1,15;14,44,5,5,12.1871
auto,1,15,16,1,17;19;15;19,52;58;45,7,7,20.8089
auto,1,15,17,1,19;15;19,58;45,5,5,11.6331
auto,1,15,18,1,20;19;15;19,60;59;45,11,11,18.0733
auto,1,15,19,1,15;19,45,3,3,4.3263
auto,1,15,20,1,19;15;19,59;45,7,7,13.8043
auto,1,15,21,1,22;15;22,69;46,5,5,13.2596
auto,1,15,22,1,15;22,46,3,3,9.03282
auto,1,15,23,1,22;15;22,70;46,7,7,21.8131
auto,3,15,23,2,14;15;14,42;44,9,9,20.9132
auto,1,15,24,1,21;22;15;22,66;69;46,8,8,24.5127
auto,2,15,24,2,23;22;15;22,73;70;46,9,9,25.6241
auto,14,15,24,3,23;14;15;14,73;42;44,11,11,24.7242
auto,1,16,1,1,2;6;8;16;8,3;14;19;47,18,18,38.3921
auto,16,16,1,2,2;6;8;7;18;16;18,3;14;19;17;54;50,21,21,38.8196
auto,1,16,2,1,6;8;16;8,14;19;47,12,12,32.3912
auto,16,16,2,2,6;8;7;18;16;18,14;19;17;54;50,15,15,32.8187
auto,1,16,3,1,4;5;9;8;16;8,8;11;23;21;47,26,26,42.151
auto,2,16,3,2,4;5;6;8;16;8,8;11;15;19;47,17,17,42.4957
auto,4,16,3,3,1;2;6;8;16;8,2;3;14;19;47,22,22,42.4011
auto,10,16,3,4,4;5;9;10;16;10,8;11;23;26;48,18,18,42.4761
auto,16,16,3,5,4;5;6;8;7;18;16;18,8;11;15;19;17;54;50,20,20,42.9232
auto,1,16,4,1,5;9;8;16;8,11;23;21;47,22,22,37.8423
auto,2,16,4,2,5;6;8;16;8,11;15;19;47,13,13,38.187
auto,10,16,4,3,5;9;10;16;10,11;23;26;48,14,14,38.1674
auto,16,16,4,4,5;6;8;7;18;16;18,11;15;19;17;54;50,16,16,38.6145
auto,1,16,5,1,9;8;16;8,23;21;47,20,20,35.4898
auto,2,16,5,2,6;8;16;8,15;19;47,11,11,35.8345
auto,10,16,5,3,9;10;16;10,23;26;48,12,12,35.8149
auto,16,16,5,4,6;8;7;18;16;18,15;19;17;54;50,14,14,36.262
auto,1,16,6,1,8;16;8,19;47,7,7,25.7636
auto,16,16,6,2,8;7;18;16;18,19;17;54;50,10,10,26.1911
auto,1,16,7,1,18;16;18,54;50,5,5,5.23802
auto,1,16,8,1,16;8,47,5,5,10.5177
auto,16,16,8,2,7;18;16;18,17;54;50,8,8,10.9452
auto,1,16,9,1,8;16;8,21;47,15,15,25.5519
auto,2,16,9,2,10;16;10,26;48,7,7,25.877
auto,1,16,10,1,16;10,48,4,4,20.055
auto,1,16,11,1,10;16;10,27;48,9,9,32.2358
auto,1,16,12,1,3;4;5;9;8;16;8,7;8;11;23;21;47,30,30,46.1761
auto,2,16,12,2,3;4;5;6;8;16;8,7;8;11;15;19;47,21,21,46.5208
auto,4,16,12,3,3;1;2;6;8;16;8,7;2;3;14;19;47,26,26,46.4262
auto,6,16,12,4,11;10;16;10,33;27;48,15,15,45.732
auto,10,16,12,5,3;4;5;9;10;16;10,7;8;11;23;26;48,22,22,46.5012
auto,16,16,12,6,3;4;5;6;8;7;18;16;18,7;8;11;15;19;17;54;50,24,24,46.9483
auto,1,16,13,1,24;21;20;18;16;18,74;66;62;56;50,20,20,44.4581
auto,2,16,13,2,12;3;4;5;6;8;16;8,37;7;8;11;15;19;47,24,24,49.5487
auto,1,16,14,1,15;19;17;16;17,44;57;53;49,12,12,33.0986
auto,9,16,14,2,23;22;20;18;16;18,71;70;63;56;50,20,20,37.0193
auto,1,16,15,1,19;17;16;17,57;53;49,7,7,20.9115
auto,1,16,17,1,16;17,49,2,2,9.1461
auto,1,16,18,1,16;18,50,3,3,3.17598
auto,1,16,19,1,17;16;17,53;49,4,4,16.5772
auto,1,16,20,1,18;16;18,56;50,7,7,7.44662
auto,1,16,21,1,20;18;16;18,62;56;50,13,13,15.7508
auto,1,16,22,1,20;18;16;18,63;56;50,12,12,15.38
auto,1,16,23,1,22;20;18;16;18,70;63;56;50,16,16,28.1603
auto,1,16,24,1,21;20;18;16;18,66;62;56;50,16,16,27.0039
auto,1,17,1,1,3;4;5;9;10;17;10,5;8;11;23;26;51,26,26,42.8901
auto,1,17,2,1,6;8;16;17;16,14;19;47;52,14,14,41.567
auto,16,17,2,2,6;8;7;18;16;17;16,14;19;17;54;50;52,17,17,41.9945
auto,1,17,3,1,4;5;9;10;17;10,8;11;23;26;51,22,22,38.8813
auto,1,17,4,1,5;9;10;17;10,11;23;26;51,18,18,34.5725
auto,1,17,5,1,9;10;17;10,23;26;51,16,16,32.22
auto,1,17,6,1,8;16;17;16,19;47;52,9,9,34.9394
auto,16,17,6,2,8;7;18;16;17;16,19;17;54;50;52,12,12,35.3669
auto,1,17,7,1,18;16;17;16,54;50;52,7,7,14.4138
auto,1,17,8,1,16;17;16,47;52,7,7,19.6935
auto,16,17,8,2,7;18;16;17;16,17;54;50;52,10,10,20.121
auto,1,17,9,1,10;17;10,26;51,11,11,22.2822
auto,1,17,10,1,17;10,51,8,8,16.4602
auto,1,17,11,1,10;17;10,27;51,13,13,28.641
auto,1,17,12,1,11;10;17;10,33;27;51,19,19,42.1372
auto,2,17,12,2,3;4;5;9;10;17;10,7;8;11;23;26;51,26,26,42.9063
auto,1,17,13,1,12;11;10;17;10,37;33;27;51,22,22,45.1651
auto,2,17,13,2,12;3;4;5;9;10;17;10,37;7;8;11;23;26;51,29,29,45.9342
auto,1,17,14,1,15;19;17;19,44;57;53,10,10,23.9525
auto,1,17,15,1,19;17;19,57;53,5,5,11.7654
auto,1,17,16,1,17;16,52,2,2,9.17579
auto,1,17,18,1,16;17;16,50;52,5,5,12.3518
auto,1,17,19,1,17;19,53,2,2,7.43108
auto,1,17,20,1,18;16;17;16,56;50;52,9,9,16.6224
auto,14,17,20,2,19;17;19,59;53,6,6,16.9091
auto,1,17,21,1,20;18;16;17;16,62;56;50;52,15,15,24.9266
auto,4,17,21,2,22;15;19;17;19,69;46;57;53,10,10,25.025
auto,14,17,21,3,20;19;17;19,62;59;53,12,12,25.2133
auto,1,17,22,1,15;19;17;19,46;57;53,8,8,20.7982
auto,1,17,23,1,22;15;19;17;19,70;46;57;53,12,12,33.5785
auto,3,17,23,2,14;15;19;17;19,42;44;57;53,14,14,32.6786
auto,1,17,24,1,21;20;18;16;17;16,66;62;56;50;52,18,18,36.1797
auto,2,17,24,2,23;22;15;19;17;19,73;70;46;57;53,14,14,37.3895
auto,5,17,24,3,21;22;15;19;17;19,66;69;46;57;53,13,13,36.2781
auto,14,17,24,4,23;14;15;19;17;19,73;42;44;57;53,16,16,36.4896
auto,1,18,1,1,2;6;8;7;18;7,3;14;19;17;54,18,18,35.6436
auto,1,18,4,1,5;9;8;7;18;7,11;23;21;17;54,22,22,35.0938
auto,2,18,4,2,5;6;8;7;18;7,11;15;19;17;54,13,13,35.4385
auto,1,18,6,1,8;7;18;7,19;17;54,7,7,23.0151
auto,1,18,7,1,18;7,54,2,2,2.06204
auto,1,18,8,1,7;18;7,17;54,5,5,7.76924
auto,1,18,9,1,8;7;18;7,21;17;54,15,15,22.8034
auto,1,18,10,1,16;18;16,48;55,7,7,23.2324
auto,1,18,11,1,10;16;18;16,27;48;55,12,12,35.4132
auto,1,18,12,1,3;4;5;9;8;7;18;7,7;8;11;23;21;17;54,30,30,43.4276
auto,2,18,12,2,3;4;5;6;8;7;18;7,7;8;11;15;19;17;54,21,21,43.7723
auto,4,18,12,3,3;1;2;6;8;7;18;7,7;2;3;14;19;17;54,26,26,43.6777
auto,5,18,12,4,13;24;21;20;18;20,38;74;66;62;56,20,20,44.3112
auto,1,18,13,1,24;21;20;18;20,74;66;62;56,17,17,41.2822
auto,1,18,14,1,15;19;20;18;20,44;57;61;56,16,16,30.1983
auto,9,18,14,2,23;22;20;18;20,71;70;63;56,17,17,33.8433
auto,1,18,15,1,19;20;18;20,57;61;56,11,11,18.0112
auto,1,18,16,1,18;16,55,3,3,3.1774
auto,1,18,17,1,16;18;16,49;55,5,5,12.3235
auto,1,18,19,1,20;18;20,61;56,8,8,13.6769
auto,1,18,20,1,18;20,56,4,4,4.27064
auto,1,18,21,1,20;18;20,62;56,10,10,12.5748
auto,1,18,22,1,20;18;20,63;56,9,9,12.2041
auto,1,18,23,1,22;20;18;20,70;63;56,13,13,24.9843
auto,1,19,1,1,3;4;5;9;10;15;19;15,5;8;11;23;26;43;57,27,27,44.7241
auto,1,19,2,1,6;8;7;18;20;19;20,14;19;17;54;60;59,20,20,43.3897
auto,1,19,4,1,5;9;10;15;19;15,11;23;26;43;57,19,19,36.4065
auto,1,19,5,1,9;10;15;19;15,23;26;43;57,17,17,34.054
auto,1,19,6,1,8;7;18;20;19;20,19;17;54;60;59,15,15,36.7622
auto,1,19,7,1,18;20;19;20,54;60;59,10,10,15.8091
auto,1,19,8,1,7;18;20;19;20,17;54;60;59,13,13,21.5163
auto,1,19,9,1,10;15;19;15,26;43;57,12,12,24.1161
auto,1,19,10,1,15;19;15,43;57,9,9,18.2942
auto,1,19,11,1,10;15;19;15,27;43;57,14,14,30.4749
auto,2,19,11,2,14;15;19;15,40;44;57,12,12,30.5204
auto,1,19,12,1,11;10;15;19;15,33;27;43;57,20,20,43.9711
auto,2,19,12,2,11;14;15;19;15,33;40;44;57,18,18,44.0166
auto,10,19,12,3,3;4;5;9;10;15;19;15,7;8;11;23;26;43;57,27,27,44.7403
auto,1,19,13,1,24;21;22;15;19;15,74;66;69;46;57,15,15,46.3012
auto,2,19,13,2,24;23;22;15;19;15,74;73;70;46;57,16,16,47.4126
auto,6,19,13,3,12;11;10;15;19;15,37;33;27;43;57,23,23,46.999
auto,14,19,13,4,24;23;14;15;19;15,74;73;42;44;57,18,18,46.5127
auto,1,19,14,1,15;19;15,44;57,8,8,16.5214
auto,1,19,15,1,19;15,57,3,3,4.33432
auto,1,19,16,1,17;19;17,52;58,4,4,16.4826
auto,1,19,17,1,19;17,58,2,2,7.3068
auto,1,19,18,1,20;19;20,60;59,8,8,13.747
auto,1,19,20,1,19;20,59,4,4,9.47804
auto,1,19,21,1,22;15;19;15,69;46;57,8,8,17.5939
auto,14,19,21,2,20;19;20,62;59,10,10,17.7822
auto,1,19,22,1,15;19;15,46;57,6,6,13.3671
auto,1,19,23,1,22;15;19;15,70;46;57,10,10,26.1474
auto,3,19,23,2,14;15;19;15,42;44;57,12,12,25.2475
auto,1,19,24,1,21;22;15;19;15,66;69;46;57,11,11,28.847
auto,2,19,24,2,23;22;15;19;15,73;70;46;57,12,12,29.9584
auto,14,19,24,3,23;14;15;19;15,73;42;44;57,14,14,29.0585
auto,1,20,1,1,2;6;8;7;18;20;18,3;14;19;17;54;60,22,22,39.9126
auto,1,20,2,1,6;8;7;18;20;18,14;19;17;54;60,16,16,33.9117
auto,1,20,4,1,5;9;8;7;18;20;18,11;23;21;17;54;60,26,26,39.3628
auto,2,20,4,2,5;6;8;7;18;20;18,11;15;19;17;54;60,17,17,39.7075
auto,1,20,5,1,9;8;7;18;20;18,23;21;17;54;60,24,24,37.0103
auto,2,20,5,2,6;8;7;18;20;18,15;19;17;54;60,15,15,37.355
auto,1,20,6,1,8;7;18;20;18,19;17;54;60,11,11,27.2841
auto,1,20,7,1,18;20;18,54;60,6,6,6.33104
auto,1,20,8,1,7;18;20;18,17;54;60,9,9,12.0382
auto,1,20,9,1,8;7;18;20;18,21;17;54;60,19,19,27.0724
auto,1,20,10,1,15;19;20;19,43;57;61,13,13,27.7004
auto,2,20,10,2,16;18;20;18,48;55;60,11,11,27.5014
auto,1,20,11,1,10;15;19;20;19,27;43;57;61,18,18,39.8811
auto,2,20,11,2,10;16;18;20;18,27;48;55;60,16,16,39.6822
auto,5,20,11,3,14;15;19;20;19,40;44;57;61,16,16,39.9266
auto,1,20,12,1,13;24;21;20;21,38;74;66;62,16,16,40.0406
auto,1,20,13,1,24;21;20;21,74;66;62,13,13,37.0115
auto,1,20,14,1,15;19;20;19,44;57;61,12,12,25.9276
auto,9,20,14,2,23;22;20;22,71;70;63,13,13,29.5727
auto,1,20,15,1,19;20;19,57;61,7,7,13.7405
auto,1,20,16,1,18;20;18,55;60,7,7,7.44639
auto,1,20,17,1,16;18;20;18,49;55;60,9,9,16.5925
auto,5,20,17,2,19;20;19,58;61,6,6,16.713
auto,1,20,18,1,20;18,60,4,4,4.269
auto,1,20,19,1,20;19,61,4,4,9.40622
auto,1,20,21,1,20;21,62,6,6,8.30417
auto,1,20,22,1,20;22,63,5,5,7.93342
auto,1,20,23,1,22;20;22,70;63,9,9,20.7137
auto,1,20,24,1,21;20;21,66;62,9,9,19.5573
auto,1,21,1,1,3;12;13;24;21;24,5;35;38;74;66,18,18,39.7695
auto,1,21,4,1,3;12;13;24;21;24,6;35;38;74;66,18,18,40.0657
auto,1,21,5,1,4;3;12;13;24;21;24,9;6;35;38;74;66,20,20,42.4084
auto,2,21,5,2,6;8;7;18;20;21;20,15;19;17;54;60;64,21,21,45.4896
auto,19,21,5,3,9;10;15;22;21;22,23;26;43;67;65,19,19,43.0351
auto,1,21,6,1,8;7;18;20;21;20,19;17;54;60;64,17,17,35.4187
auto,1,21,7,1,18;20;21;20,54;60;64,12,12,14.4656
auto,1,21,8,1,7;18;20;21;20,17;54;60;64,15,15,20.1728
auto,1,21,9,1,10;15;22;21;22,26;43;67;65,14,14,33.0973
auto,1,21,10,1,15;22;21;22,43;67;65,11,11,27.2753
auto,1,21,11,1,14;23;24;21;24,40;71;76;66,13,13,37.8317
auto,3,21,11,2,10;15;22;21;22,27;43;67;65,16,16,39.4561
auto,9,21,11,3,14;23;22;21;22,40;71;70;65,14,14,39.9608
auto,1,21,12,1,13;24;21;24,38;74;66,10,10,31.7364
auto,1,21,13,1,24;21;24,74;66,7,7,28.7073
auto,1,21,14,1,23;24;21;24,71;76;66,9,9,23.8328
auto,9,21,14,2,23;22;21;22,71;70;65,10,10,25.9619
auto,1,21,15,1,22;21;22,67;65,5,5,13.3154
auto,1,21,16,1,18;20;21;20,55;60;64,13,13,15.581
auto,1,21,17,1,16;18;20;21;20,49;55;60;64,15,15,24.7271
auto,3,21,17,2,19;15;22;21;22,58;45;67;65,10,10,24.9486
auto,1,21,18,1,20;21;20,60;64,10,10,12.4036
auto,1,21,19,1,15;22;21;22,45;67;65,8,8,17.6418
auto,7,21,19,2,20;21;20,61;64,10,10,17.5408
auto,1,21,20,1,21;20,64,6,6,8.13457
auto,1,21,22,1,21;22,65,2,2,4.32261
auto,1,21,23,1,24;21;24,76;66,5,5,14.9738
auto,9,21,23,2,22;21;22,70;65,6,6,17.1029
auto,1,21,24,1,21;24,66,3,3,11.2531
auto,1,22,1,1,3;12;13;24;21;22;21,5;35;38;74;66;69,20,20,43.9963
auto,2,22,1,2,3;12;13;24;23;22;23,5;35;38;74;73;70,21,21,45.1077
auto,1,22,2,1,6;8;7;18;20;22;20,14;19;17;54;60;68,21,21,41.7853
auto,1,22,3,1,12;13;24;21;22;21,35;38;74;66;69,16,16,39.9874
auto,2,22,3,2,12;13;24;23;22;23,35;38;74;73;70,17,17,41.0988
auto,1,22,4,1,5;9;10;15;22;15,11;23;26;43;67,19,19,41.065
auto,2,22,4,2,11;14;23;22;23,31;40;71;70,18,18,43.1948
auto,1,22,5,1,9;10;15;22;15,23;26;43;67,17,17,38.7125
auto,1,22,6,1,8;7;18;20;22;20,19;17;54;60;68,16,16,35.1577
auto,1,22,7,1,18;20;22;20,54;60;68,11,11,14.2046
auto,1,22,8,1,7;18;20;22;20,17;54;60;68,14,14,19.9118
auto,1,22,9,1,10;15;22;15,26;43;67,12,12,28.7746
auto,1,22,10,1,15;22;15,43;67,9,9,22.9527
auto,1,22,11,1,10;15;22;15,27;43;67,14,14,35.1334
auto,2,22,11,2,14;23;22;23,40;71;70,12,12,35.6382
auto,5,22,11,3,14;15;22;15,40;44;67,12,12,35.1789
auto,1,22,12,1,13;24;21;22;21,38;74;66;69,12,12,35.9631
auto,2,22,12,2,13;24;23;22;23,38;74;73;70,13,13,37.0745
auto,1,22,13,1,24;21;22;21,74;66;69,9,9,32.9341
auto,2,22,13,2,24;23;22;23,74;73;70,10,10,34.0455
auto,1,22,14,1,23;22;23,71;70,8,8,21.6393
auto,3,22,14,2,15;22;15,44;67,8,8,21.18
auto,1,22,15,1,22;15,67,3,3,8.99284
auto,1,22,16,1,18;20;22;20,55;60;68,12,12,15.32
auto,1,22,17,1,19;15;22;15,58;45;67,8,8,20.6259
auto,1,22,18,1,20;22;20,60;68,9,9,12.1426
auto,1,22,19,1,15;22;15,45;67,6,6,13.3191
auto,1,22,20,1,22;20,68,5,5,7.87358
auto,1,22,21,1,22;21,69,2,2,4.22674
auto,1,22,23,1,22;23,70,4,4,12.7803
auto,1,22,24,1,21;22;21,66;69,5,5,15.4799
auto,2,22,24,2,23;22;23,73;70,6,6,16.5913
auto,1,23,1,1,3;12;13;24;23;24,5;35;38;74;73,17,17,32.3274
auto,1,23,3,1,12;13;24;23;24,35;38;74;73,13,13,28.3186
auto,1,23,4,1,11;14;23;14,31;40;71,14,14,30.4145
auto,1,23,5,1,4;11;14;23;14,9;31;40;71,16,16,32.7572
auto,1,23,6,1,5;4;11;14;23;14,12;9;31;40;71,20,20,42.5393
auto,1,23,7,1,18;20;22;23;22,54;60;68;72,15,15,26.4289
auto,1,23,8,1,7;18;20;22;23;22,17;54;60;68;72,18,18,32.1361
auto,1,23,9,1,10;15;22;23;22,26;43;67;72,16,16,40.9989
auto,2,23,9,2,10;11;14;23;14,26;32;40;71,16,16,40.9648
auto,3,23,9,3,10;15;14;23;14,26;43;41;71,18,18,40.8136
auto,1,23,10,1,15;22;23;22,43;67;72,13,13,35.1769
auto,2,23,10,2,11;14;23;14,32;40;71,13,13,35.1428
auto,3,23,10,3,15;14;23;14,43;41;71,15,15,34.9917
auto,1,23,11,1,14;23;14,40;71,8,8,22.8579
auto,1,23,12,1,13;24;23;24,38;74;73,9,9,24.2943
auto,1,23,13,1,24;23;24,74;73,6,6,21.2652
auto,1,23,14,1,23;14,71,4,4,8.85901
auto,1,23,15,1,22;23;22,67;72,7,7,21.2171
auto,3,23,15,2,14;23;14,41;71,9,9,21.0318
auto,1,23,16,1,18;20;22;23;22,55;60;68;72,16,16,27.5442
auto,1,23,17,1,19;15;22;23;22,58;45;67;72,12,12,32.8502
auto,3,23,17,2,19;15;14;23;14,58;45;41;71,14,14,32.6649
auto,1,23,18,1,20;22;23;22,60;68;72,13,13,24.3668
auto,1,23,19,1,15;22;23;22,45;67;72,10,10,25.5434
auto,3,23,19,2,15;14;23;14,45;41;71,12,12,25.3581
auto,1,23,20,1,22;23;22,68;72,9,9,20.0978
auto,1,23,21,1,24;23;24,75;73,5,5,14.9676
auto,1,23,22,1,23;22,72,4,4,12.2242
auto,1,23,24,1,23;24,73,2,2,3.81103
auto,1,24,1,1,3;12;13;24;13,5;35;38;74,15,15,28.5164
auto,1,24,4,1,3;12;13;24;13,6;35;38;74,15,15,28.8126
auto,1,24,6,1,5;4;3;12;13;24;13,12;9;6;35;38;74,21,21,40.9373
auto,5,24,6,2,2;1;3;12;13;24;13,4;1;5;35;38;74,26,26,41.101
auto,1,24,7,1,18;20;21;24;21,54;60;64;75,15,15,25.6221
auto,1,24,8,1,7;18;20;21;24;21,17;54;60;64;75,18,18,31.3293
auto,1,24,9,1,5;4;3;12;13;24;13,13;9;6;35;38;74,22,22,41.0651
auto,1,24,10,1,15;22;21;24;21,43;67;65;75,14,14,38.4318
auto,2,24,10,2,11;14;23;24;23,32;40;71;76,15,15,38.8635
auto,4,24,10,3,15;22;23;24;23,43;67;72;76,15,15,38.8976
auto,7,24,10,4,15;14;23;24;23,43;41;71;76,17,17,38.7123
auto,1,24,11,1,14;23;24;23,40;71;76,10,10,26.5786
auto,1,24,12,1,13;24;13,38;74,7,7,20.4832
auto,1,24,13,1,24;13,74,4,4,17.4542
auto,1,24,14,1,23;24;23,71;76,6,6,12.5797
auto,1,24,15,1,22;21;24;21,67;65;75,8,8,24.472
auto,2,24,15,2,22;23;24;23,67;72;76,9,9,24.9377
auto,7,24,15,3,14;23;24;23,41;71;76,11,11,24.7525
auto,1,24,16,1,18;20;21;24;21,55;60;64;75,16,16,26.7375
auto,1,24,17,1,16;18;20;21;24;21,49;55;60;64;75,18,18,35.8836
auto,2,24,17,2,19;15;22;23;24;23,58;45;67;72;76,14,14,36.5708
auto,3,24,17,3,19;15;22;21;24;21,58;45;67;65;75,13,13,36.1051
auto,7,24,17,4,19;15;14;23;24;23,58;45;41;71;76,16,16,36.3856
auto,1,24,19,1,15;22;21;24;21,45;67;65;75,11,11,28.7983
auto,2,24,19,2,15;22;23;24;23,45;67;72;76,12,12,29.264
auto,7,24,19,3,15;14;23;24;23,45;41;71;76,14,14,29.0788
auto,1,24,20,1,21;24;21,64;75,9,9,19.2911
auto,1,24,21,1,24;21,75,3,3,11.1565
auto,1,24,22,1,21;24;21,65;75,5,5,15.4791
auto,2,24,22,2,23;24;23,72;76,6,6,15.9449
auto,1,24,23,1,24;23,76,2,2,3.72066
